-- Weightlifting 'gains' schema
-- Date ranges from 5/4/2022 - 9/1/2023

CREATE SCHEMA Gains;
SET search_path = "Gains";

-- Exercises Table 
CREATE TABLE exercise (
  "id" INTEGER,
  "exercise_name" VARCHAR(20),
  "category_id" INTEGER
); 

INSERT INTO exercise (
    "id", 
    "exercise_name", 
    "category_id"
)
VALUES
   ('1', 'Flat Bench Press', '1'),
   ('2', 'Incline Bench Press', '1'),
   ('3', 'Overhead Press', '1'),
   ('4', 'Deadlift', '2'),
   ('5', 'Pull Ups', '2'),
   ('6', 'Barbell Row', '2'),
   ('7', 'Barbell Squat', '3'),
   ('8', 'Rest', '0');

-- Categories Table 
CREATE TABLE categories (
  "id" INTEGER,
  "category_name" VARCHAR(50)
); 
 
INSERT INTO categories (
    "id", 
    "category_name"
)
VALUES
   ('1', 'Push'),
   ('2', 'Pull'),
   ('3', 'Legs'),
   ('0', 'Rest');

-- Workout Type Table 
CREATE TABLE workout_type (
  "id" INTEGER,
  "workout_type_name" VARCHAR(20)
); 

INSERT INTO workout_type (
    "id", 
    "workout_type_name", 
    "workout_type_id"
)
VALUES
   ('1', 'Strength', '1'),
   ('2', 'Hypertrophy', '2'),
   ('3', 'Rest', '0');

-- Workout Table 
CREATE TABLE workout (
   "id" INTEGER, 
   "workout_date" DATE,
   "workout_type_id" INTEGER
 );

-- Lifts Table 
CREATE TABLE lifts (
   "workout_id" INTEGER,
   "exercise_id" INTEGER,
   "weight_lbs" FLOAT,
   "sets" INTEGER,
   "reps" INTEGER,
   "volume_lbs" FLOAT
);

 INSERT INTO workout (
    "id", 
    "workout_date", 
    "workout_type_id"
)

VALUES
('1', '2022-05-01', '1'),
('2', '2022-05-01', '1'),
('3', '2022-05-01', '1'),
('4', '2022-05-02', '1'),
('5', '2022-05-02', '1'),
('6', '2022-05-02', '1'),
('7', '2022-05-03', '1'),
('8', '2022-05-03', '1'),
('9', '2022-05-03', '1'),
('10', '2022-05-04', '1'),
('11', '2022-05-04', '1'),
('12', '2022-05-04', '1'),
('13', '2022-05-05', '1'),
('14', '2022-05-06', '3'),
('15', '2022-05-07', '3'),
('16', '2022-05-08', '1'),
('17', '2022-05-08', '1'),
('18', '2022-05-08', '1'),
('19', '2022-05-09', '1'),
('20', '2022-05-09', '1'),
('21', '2022-05-09', '1'),
('22', '2022-05-10', '1'),
('23', '2022-05-10', '1'),
('24', '2022-05-10', '1'),
('25', '2022-05-11', '1'),
('26', '2022-05-11', '1'),
('27', '2022-05-11', '1'),
('28', '2022-05-12', '1'),
('29', '2022-05-13', '3'),
('30', '2022-05-14', '3'),
('31', '2022-05-15', '1'),
('32', '2022-05-15', '1'),
('33', '2022-05-15', '1'),
('34', '2022-05-16', '1'),
('35', '2022-05-16', '1'),
('36', '2022-05-16', '1'),
('37', '2022-05-16', '1'),
('38', '2022-05-16', '1'),
('39', '2022-05-17', '1'),
('40', '2022-05-17', '1'),
('41', '2022-05-17', '1'),
('42', '2022-05-18', '1'),
('43', '2022-05-18', '1'),
('44', '2022-05-18', '1'),
('45', '2022-05-19', '1'),
('46', '2022-05-20', '3'),
('47', '2022-05-21', '3'),
('48', '2022-05-22', '1'),
('49', '2022-05-22', '1'),
('50', '2022-05-22', '1'),
('51', '2022-05-23', '1'),
('52', '2022-05-23', '1'),
('53', '2022-05-23', '1'),
('54', '2022-05-24', '1'),
('55', '2022-05-24', '1'),
('56', '2022-05-24', '1'),
('57', '2022-05-25', '1'),
('58', '2022-05-25', '1'),
('59', '2022-05-25', '1'),
('60', '2022-05-26', '1'),
('61', '2022-05-27', '3'),
('62', '2022-05-28', '3'),
('63', '2022-05-29', '1'),
('64', '2022-05-29', '1'),
('65', '2022-05-29', '1'),
('66', '2022-05-30', '1'),
('67', '2022-05-30', '1'),
('68', '2022-05-30', '1'),
('69', '2022-05-31', '1'),
('70', '2022-05-31', '1'),
('71', '2022-05-31', '1'),
('72', '2022-06-01', '1'),
('73', '2022-06-01', '1'),
('74', '2022-06-01', '1'),
('75', '2022-06-02', '1'),
('76', '2022-06-03', '3'),
('77', '2022-06-04', '3'),
('78', '2022-06-05', '1'),
('79', '2022-06-05', '1'),
('80', '2022-06-05', '1'),
('81', '2022-06-06', '1'),
('82', '2022-06-06', '1'),
('83', '2022-06-06', '1'),
('84', '2022-06-07', '1'),
('85', '2022-06-07', '1'),
('86', '2022-06-07', '1'),
('87', '2022-06-07', '1'),
('88', '2022-06-08', '1'),
('89', '2022-06-08', '1'),
('90', '2022-06-08', '1'),
('91', '2022-06-09', '1'),
('92', '2022-06-10', '3'),
('93', '2022-06-11', '3'),
('94', '2022-06-12', '1'),
('95', '2022-06-12', '1'),
('96', '2022-06-12', '1'),
('97', '2022-06-13', '1'),
('98', '2022-06-13', '1'),
('99', '2022-06-13', '1'),
('100', '2022-06-14', '1'),
('101', '2022-06-14', '1'),
('102', '2022-06-14', '1'),
('103', '2022-06-15', '1'),
('104', '2022-06-15', '1'),
('105', '2022-06-15', '1'),
('106', '2022-06-16', '1'),
('107', '2022-06-17', '3'),
('108', '2022-06-18', '3'),
('109', '2022-06-19', '1'),
('110', '2022-06-19', '1'),
('111', '2022-06-19', '1'),
('112', '2022-06-20', '1'),
('113', '2022-06-20', '1'),
('114', '2022-06-20', '1'),
('115', '2022-06-21', '1'),
('116', '2022-06-21', '1'),
('117', '2022-06-21', '1'),
('118', '2022-06-22', '1'),
('119', '2022-06-22', '1'),
('120', '2022-06-22', '1'),
('121', '2022-06-22', '1'),
('122', '2022-06-22', '1'),
('123', '2022-06-23', '1'),
('124', '2022-06-24', '3'),
('125', '2022-06-25', '3'),
('126', '2022-06-26', '1'),
('127', '2022-06-26', '1'),
('128', '2022-06-26', '1'),
('129', '2022-06-27', '1'),
('130', '2022-06-27', '1'),
('131', '2022-06-27', '1'),
('132', '2022-06-28', '1'),
('133', '2022-06-28', '1'),
('134', '2022-06-28', '1'),
('135', '2022-06-28', '1'),
('136', '2022-06-29', '1'),
('137', '2022-06-29', '1'),
('138', '2022-06-29', '1'),
('139', '2022-06-30', '1'),
('140', '2022-07-01', '3'),
('141', '2022-07-02', '3'),
('142', '2022-07-03', '1'),
('143', '2022-07-03', '1'),
('144', '2022-07-03', '1'),
('145', '2022-07-04', '1'),
('146', '2022-07-04', '1'),
('147', '2022-07-04', '1'),
('148', '2022-07-05', '1'),
('149', '2022-07-05', '1'),
('150', '2022-07-05', '1'),
('151', '2022-07-05', '1'),
('152', '2022-07-05', '1'),
('153', '2022-07-06', '1'),
('154', '2022-07-06', '1'),
('155', '2022-07-06', '1'),
('156', '2022-07-07', '1'),
('157', '2022-07-08', '3'),
('158', '2022-07-09', '3'),
('159', '2022-07-10', '1'),
('160', '2022-07-10', '1'),
('161', '2022-07-10', '1'),
('162', '2022-07-11', '1'),
('163', '2022-07-11', '1'),
('164', '2022-07-11', '1'),
('165', '2022-07-12', '1'),
('166', '2022-07-12', '1'),
('167', '2022-07-12', '1'),
('168', '2022-07-12', '1'),
('169', '2022-07-13', '1'),
('170', '2022-07-13', '1'),
('171', '2022-07-13', '1'),
('172', '2022-07-14', '1'),
('173', '2022-07-15', '3'),
('174', '2022-07-16', '3'),
('175', '2022-07-17', '1'),
('176', '2022-07-17', '1'),
('177', '2022-07-17', '1'),
('178', '2022-07-18', '1'),
('179', '2022-07-18', '1'),
('180', '2022-07-18', '1'),
('181', '2022-07-19', '1'),
('182', '2022-07-19', '1'),
('183', '2022-07-19', '1'),
('184', '2022-07-19', '1'),
('185', '2022-07-20', '1'),
('186', '2022-07-20', '1'),
('187', '2022-07-20', '1'),
('188', '2022-07-21', '1'),
('189', '2022-07-22', '3'),
('190', '2022-07-23', '3'),
('191', '2022-07-24', '1'),
('192', '2022-07-24', '1'),
('193', '2022-07-24', '1'),
('194', '2022-07-25', '1'),
('195', '2022-07-25', '1'),
('196', '2022-07-25', '1'),
('197', '2022-07-26', '1'),
('198', '2022-07-26', '1'),
('199', '2022-07-26', '1'),
('200', '2022-07-26', '1'),
('201', '2022-07-27', '1'),
('202', '2022-07-27', '1'),
('203', '2022-07-27', '1'),
('204', '2022-07-28', '1'),
('205', '2022-07-29', '3'),
('206', '2022-07-30', '3'),
('207', '2022-07-31', '1'),
('208', '2022-07-31', '1'),
('209', '2022-07-31', '1'),
('210', '2022-08-01', '1'),
('211', '2022-08-01', '1'),
('212', '2022-08-01', '1'),
('213', '2022-08-02', '1'),
('214', '2022-08-02', '1'),
('215', '2022-08-02', '1'),
('216', '2022-08-02', '1'),
('217', '2022-08-03', '1'),
('218', '2022-08-03', '1'),
('219', '2022-08-03', '1'),
('220', '2022-08-04', '1'),
('221', '2022-08-05', '3'),
('222', '2022-08-06', '3'),
('223', '2022-08-07', '1'),
('224', '2022-08-07', '1'),
('225', '2022-08-07', '1'),
('226', '2022-08-08', '1'),
('227', '2022-08-08', '1'),
('228', '2022-08-08', '1'),
('229', '2022-08-09', '1'),
('230', '2022-08-09', '1'),
('231', '2022-08-09', '1'),
('232', '2022-08-09', '1'),
('233', '2022-08-10', '1'),
('234', '2022-08-10', '1'),
('235', '2022-08-10', '1'),
('236', '2022-08-11', '1'),
('237', '2022-08-12', '3'),
('238', '2022-08-13', '3'),
('239', '2022-08-14', '1'),
('240', '2022-08-14', '1'),
('241', '2022-08-14', '1'),
('242', '2022-08-15', '1'),
('243', '2022-08-15', '1'),
('244', '2022-08-15', '1'),
('245', '2022-08-16', '1'),
('246', '2022-08-16', '1'),
('247', '2022-08-16', '1'),
('248', '2022-08-16', '1'),
('249', '2022-08-17', '1'),
('250', '2022-08-17', '1'),
('251', '2022-08-17', '1'),
('252', '2022-08-18', '1'),
('253', '2022-08-19', '3'),
('254', '2022-08-20', '3'),
('255', '2022-08-21', '1'),
('256', '2022-08-21', '1'),
('257', '2022-08-21', '1'),
('258', '2022-08-22', '1'),
('259', '2022-08-22', '1'),
('260', '2022-08-22', '1'),
('261', '2022-08-23', '1'),
('262', '2022-08-23', '1'),
('263', '2022-08-23', '1'),
('264', '2022-08-23', '1'),
('265', '2022-08-24', '1'),
('266', '2022-08-24', '1'),
('267', '2022-08-24', '1'),
('268', '2022-08-25', '1'),
('269', '2022-08-26', '3'),
('270', '2022-08-27', '3'),
('271', '2022-08-28', '2'),
('272', '2022-08-28', '2'),
('273', '2022-08-28', '2'),
('274', '2022-08-29', '2'),
('275', '2022-08-29', '2'),
('276', '2022-08-29', '2'),
('277', '2022-08-30', '2'),
('278', '2022-08-30', '2'),
('279', '2022-08-30', '2'),
('280', '2022-08-31', '2'),
('281', '2022-08-31', '2'),
('282', '2022-08-31', '2'),
('283', '2022-09-01', '2'),
('284', '2022-09-02', '3'),
('285', '2022-09-03', '3'),
('286', '2022-09-04', '2'),
('287', '2022-09-04', '2'),
('288', '2022-09-04', '2'),
('289', '2022-09-05', '2'),
('290', '2022-09-05', '2'),
('291', '2022-09-05', '2'),
('292', '2022-09-06', '2'),
('293', '2022-09-06', '2'),
('294', '2022-09-06', '2'),
('295', '2022-09-07', '2'),
('296', '2022-09-07', '2'),
('297', '2022-09-07', '2'),
('298', '2022-09-08', '2'),
('299', '2022-09-09', '3'),
('300', '2022-09-10', '3'),
('301', '2022-09-12', '2'),
('302', '2022-09-12', '2'),
('303', '2022-09-12', '2'),
('304', '2022-09-13', '2'),
('305', '2022-09-13', '2'),
('306', '2022-09-13', '2'),
('307', '2022-09-14', '2'),
('308', '2022-09-14', '2'),
('309', '2022-09-14', '2'),
('310', '2022-09-15', '2'),
('311', '2022-09-15', '2'),
('312', '2022-09-15', '2'),
('313', '2022-09-16', '2'),
('314', '2022-09-17', '3'),
('315', '2022-09-18', '3'),
('316', '2022-09-19', '2'),
('317', '2022-09-19', '2'),
('318', '2022-09-19', '2'),
('319', '2022-09-20', '2'),
('320', '2022-09-20', '2'),
('321', '2022-09-20', '2'),
('322', '2022-09-21', '2'),
('323', '2022-09-21', '2'),
('324', '2022-09-21', '2'),
('325', '2022-09-22', '2'),
('326', '2022-09-22', '2'),
('327', '2022-09-22', '2'),
('328', '2022-09-23', '2'),
('329', '2022-09-24', '3'),
('330', '2022-09-25', '3'),
('331', '2022-09-26', '2'),
('332', '2022-09-26', '2'),
('333', '2022-09-26', '2'),
('334', '2022-09-27', '2'),
('335', '2022-09-27', '2'),
('336', '2022-09-27', '2'),
('337', '2022-09-28', '2'),
('338', '2022-09-28', '2'),
('339', '2022-09-28', '2'),
('340', '2022-09-29', '2'),
('341', '2022-09-29', '2'),
('342', '2022-09-29', '2'),
('343', '2022-09-30', '2'),
('344', '2022-10-01', '3'),
('345', '2022-10-02', '3'),
('346', '2022-10-03', '2'),
('347', '2022-10-03', '2'),
('348', '2022-10-03', '2'),
('349', '2022-10-04', '2'),
('350', '2022-10-04', '2'),
('351', '2022-10-04', '2'),
('352', '2022-10-05', '2'),
('353', '2022-10-05', '2'),
('354', '2022-10-05', '2'),
('355', '2022-10-06', '2'),
('356', '2022-10-06', '2'),
('357', '2022-10-06', '2'),
('358', '2022-10-07', '2'),
('359', '2022-10-08', '3'),
('360', '2022-10-09', '3'),
('361', '2022-10-10', '2'),
('362', '2022-10-10', '2'),
('363', '2022-10-10', '2'),
('364', '2022-10-11', '2'),
('365', '2022-10-11', '2'),
('366', '2022-10-11', '2'),
('367', '2022-10-12', '2'),
('368', '2022-10-12', '2'),
('369', '2022-10-12', '2'),
('370', '2022-10-13', '2'),
('371', '2022-10-13', '2'),
('372', '2022-10-13', '2'),
('373', '2022-10-14', '2'),
('374', '2022-10-15', '3'),
('375', '2022-10-16', '3'),
('376', '2022-10-17', '2'),
('377', '2022-10-17', '2'),
('378', '2022-10-17', '2'),
('379', '2022-10-18', '2'),
('380', '2022-10-18', '2'),
('381', '2022-10-18', '2'),
('382', '2022-10-19', '2'),
('383', '2022-10-19', '2'),
('384', '2022-10-19', '2'),
('385', '2022-10-20', '2'),
('386', '2022-10-20', '2'),
('387', '2022-10-20', '2'),
('388', '2022-10-21', '2'),
('389', '2022-10-22', '3'),
('390', '2022-10-23', '3'),
('391', '2022-10-24', '2'),
('392', '2022-10-24', '2'),
('393', '2022-10-24', '2'),
('394', '2022-10-25', '2'),
('395', '2022-10-25', '2'),
('396', '2022-10-25', '2'),
('397', '2022-10-26', '2'),
('398', '2022-10-26', '2'),
('399', '2022-10-26', '2'),
('400', '2022-10-27', '2'),
('401', '2022-10-27', '2'),
('402', '2022-10-27', '2'),
('403', '2022-10-28', '2'),
('404', '2022-10-29', '3'),
('405', '2022-10-30', '3'),
('406', '2022-10-31', '2'),
('407', '2022-10-31', '2'),
('408', '2022-10-31', '2'),
('409', '2022-11-01', '2'),
('410', '2022-11-01', '2'),
('411', '2022-11-01', '2'),
('412', '2022-11-02', '2'),
('413', '2022-11-02', '2'),
('414', '2022-11-02', '2'),
('415', '2022-11-03', '2'),
('416', '2022-11-03', '2'),
('417', '2022-11-03', '2'),
('418', '2022-11-04', '2'),
('419', '2022-11-05', '3'),
('420', '2022-11-06', '3'),
('421', '2022-11-07', '2'),
('422', '2022-11-07', '2'),
('423', '2022-11-07', '2'),
('424', '2022-11-08', '2'),
('425', '2022-11-08', '2'),
('426', '2022-11-08', '2'),
('427', '2022-11-09', '2'),
('428', '2022-11-09', '2'),
('429', '2022-11-09', '2'),
('430', '2022-11-10', '2'),
('431', '2022-11-10', '2'),
('432', '2022-11-10', '2'),
('433', '2022-11-11', '2'),
('434', '2022-11-12', '3'),
('435', '2022-11-13', '3'),
('436', '2022-11-14', '2'),
('437', '2022-11-14', '2'),
('438', '2022-11-14', '2'),
('439', '2022-11-15', '2'),
('440', '2022-11-15', '2'),
('441', '2022-11-15', '2'),
('442', '2022-11-16', '2'),
('443', '2022-11-16', '2'),
('444', '2022-11-16', '2'),
('445', '2022-11-17', '2'),
('446', '2022-11-17', '2'),
('447', '2022-11-17', '2'),
('448', '2022-11-18', '2'),
('449', '2022-11-18', '2'),
('450', '2022-11-19', '3'),
('451', '2022-11-20', '3'),
('452', '2022-11-21', '2'),
('453', '2022-11-21', '2'),
('454', '2022-11-21', '2'),
('455', '2022-11-22', '2'),
('456', '2022-11-22', '2'),
('457', '2022-11-22', '2'),
('458', '2022-11-23', '2'),
('459', '2022-11-23', '2'),
('460', '2022-11-23', '2'),
('461', '2022-11-24', '2'),
('462', '2022-11-24', '2'),
('463', '2022-11-24', '2'),
('464', '2022-11-25', '2'),
('465', '2022-11-25', '2'),
('466', '2022-11-26', '3'),
('467', '2022-11-27', '3'),
('468', '2022-11-28', '2'),
('469', '2022-11-28', '2'),
('470', '2022-11-28', '2'),
('471', '2022-11-29', '2'),
('472', '2022-11-29', '2'),
('473', '2022-11-29', '2'),
('474', '2022-11-30', '2'),
('475', '2022-11-30', '2'),
('476', '2022-11-30', '2'),
('477', '2022-12-01', '2'),
('478', '2022-12-01', '2'),
('479', '2022-12-01', '2'),
('480', '2022-12-02', '2'),
('481', '2022-12-02', '2'),
('482', '2022-12-03', '3'),
('483', '2022-12-04', '3'),
('484', '2022-12-05', '2'),
('485', '2022-12-05', '2'),
('486', '2022-12-05', '2'),
('487', '2022-12-06', '2'),
('488', '2022-12-06', '2'),
('489', '2022-12-06', '2'),
('490', '2022-12-07', '2'),
('491', '2022-12-07', '2'),
('492', '2022-12-07', '2'),
('493', '2022-12-08', '2'),
('494', '2022-12-08', '2'),
('495', '2022-12-08', '2'),
('496', '2022-12-09', '2'),
('497', '2022-12-09', '2'),
('498', '2022-12-10', '3'),
('499', '2022-12-11', '3'),
('500', '2022-12-12', '2'),
('501', '2022-12-12', '2'),
('502', '2022-12-12', '2'),
('503', '2022-12-13', '2'),
('504', '2022-12-13', '2'),
('505', '2022-12-13', '2'),
('506', '2022-12-14', '2'),
('507', '2022-12-14', '2'),
('508', '2022-12-14', '2'),
('509', '2022-12-15', '2'),
('510', '2022-12-15', '2'),
('511', '2022-12-15', '2'),
('512', '2022-12-16', '2'),
('513', '2022-12-16', '2'),
('514', '2022-12-17', '3'),
('515', '2022-12-18', '3'),
('516', '2022-12-19', '2'),
('517', '2022-12-19', '2'),
('518', '2022-12-19', '2'),
('519', '2022-12-20', '2'),
('520', '2022-12-20', '2'),
('521', '2022-12-20', '2'),
('522', '2022-12-21', '2'),
('523', '2022-12-21', '2'),
('524', '2022-12-21', '2'),
('525', '2022-12-22', '2'),
('526', '2022-12-22', '2'),
('527', '2022-12-22', '2'),
('528', '2022-12-23', '2'),
('529', '2022-12-23', '2'),
('530', '2022-12-24', '3'),
('531', '2022-12-25', '3'),
('532', '2022-12-26', '2'),
('533', '2022-12-26', '2'),
('534', '2022-12-26', '2'),
('535', '2022-12-27', '2'),
('536', '2022-12-27', '2'),
('537', '2022-12-27', '2'),
('538', '2022-12-28', '2'),
('539', '2022-12-28', '2'),
('540', '2022-12-28', '2'),
('541', '2022-12-29', '2'),
('542', '2022-12-29', '2'),
('543', '2022-12-29', '2'),
('544', '2022-12-30', '2'),
('545', '2022-12-30', '2'),
('546', '2022-12-31', '3'),
('547', '2023-01-01', '0'),
('548', '2023-01-02', '1'),
('549', '2023-01-02', '1'),
('550', '2023-01-02', '1'),
('551', '2023-01-02', '1'),
('552', '2023-01-02', '1'),
('553', '2023-01-02', '1'),
('554', '2023-01-03', '1'),
('555', '2023-01-03', '1'),
('556', '2023-01-03', '1'),
('557', '2023-01-03', '1'),
('558', '2023-01-03', '1'),
('559', '2023-01-03', '1'),
('560', '2023-01-03', '1'),
('561', '2023-01-04', '1'),
('562', '2023-01-04', '1'),
('563', '2023-01-04', '1'),
('564', '2023-01-04', '1'),
('565', '2023-01-04', '1'),
('566', '2023-01-05', '1'),
('567', '2023-01-05', '1'),
('568', '2023-01-05', '1'),
('569', '2023-01-05', '1'),
('570', '2023-01-05', '1'),
('571', '2023-01-05', '1'),
('572', '2023-01-06', '1'),
('573', '2023-01-06', '1'),
('574', '2023-01-06', '1'),
('575', '2023-01-07', '0'),
('576', '2023-01-08', '0'),
('577', '2023-01-09', '1'),
('578', '2023-01-09', '1'),
('579', '2023-01-09', '1'),
('580', '2023-01-09', '1'),
('581', '2023-01-09', '1'),
('582', '2023-01-09', '1'),
('583', '2023-01-10', '1'),
('584', '2023-01-10', '1'),
('585', '2023-01-10', '1'),
('586', '2023-01-10', '1'),
('587', '2023-01-10', '1'),
('588', '2023-01-10', '1'),
('589', '2023-01-10', '1'),
('590', '2023-01-11', '1'),
('591', '2023-01-11', '1'),
('592', '2023-01-11', '1'),
('593', '2023-01-11', '1'),
('594', '2023-01-11', '1'),
('595', '2023-01-12', '1'),
('596', '2023-01-12', '1'),
('597', '2023-01-12', '1'),
('598', '2023-01-12', '1'),
('599', '2023-01-12', '1'),
('600', '2023-01-12', '1'),
('601', '2023-01-13', '1'),
('602', '2023-01-13', '1'),
('603', '2023-01-13', '1'),
('604', '2023-01-14', '0'),
('605', '2023-01-15', '0'),
('606', '2023-01-16', '1'),
('607', '2023-01-16', '1'),
('608', '2023-01-16', '1'),
('609', '2023-01-16', '1'),
('610', '2023-01-16', '1'),
('611', '2023-01-16', '1'),
('612', '2023-01-17', '1'),
('613', '2023-01-17', '1'),
('614', '2023-01-17', '1'),
('615', '2023-01-17', '1'),
('616', '2023-01-17', '1'),
('617', '2023-01-17', '1'),
('618', '2023-01-17', '1'),
('619', '2023-01-18', '1'),
('620', '2023-01-18', '1'),
('621', '2023-01-18', '1'),
('622', '2023-01-18', '1'),
('623', '2023-01-18', '1'),
('624', '2023-01-19', '1'),
('625', '2023-01-19', '1'),
('626', '2023-01-19', '1'),
('627', '2023-01-19', '1'),
('628', '2023-01-19', '1'),
('629', '2023-01-19', '1'),
('630', '2023-01-20', '1'),
('631', '2023-01-20', '1'),
('632', '2023-01-20', '1'),
('633', '2023-01-21', '0'),
('634', '2023-01-22', '0'),
('635', '2023-01-23', '1'),
('636', '2023-01-23', '1'),
('637', '2023-01-23', '1'),
('638', '2023-01-23', '1'),
('639', '2023-01-23', '1'),
('640', '2023-01-23', '1'),
('641', '2023-01-24', '1'),
('642', '2023-01-24', '1'),
('643', '2023-01-24', '1'),
('644', '2023-01-24', '1'),
('645', '2023-01-24', '1'),
('646', '2023-01-24', '1'),
('647', '2023-01-24', '1'),
('648', '2023-01-25', '1'),
('649', '2023-01-25', '1'),
('650', '2023-01-25', '1'),
('651', '2023-01-25', '1'),
('652', '2023-01-25', '1'),
('653', '2023-01-26', '1'),
('654', '2023-01-26', '1'),
('655', '2023-01-26', '1'),
('656', '2023-01-26', '1'),
('657', '2023-01-26', '1'),
('658', '2023-01-26', '1'),
('659', '2023-01-27', '1'),
('660', '2023-01-27', '1'),
('661', '2023-01-27', '1'),
('662', '2023-01-28', '0'),
('663', '2023-01-29', '0'),
('664', '2023-01-30', '1'),
('665', '2023-01-30', '1'),
('666', '2023-01-30', '1'),
('667', '2023-01-30', '1'),
('668', '2023-01-30', '1'),
('669', '2023-01-30', '1'),
('670', '2023-01-31', '1'),
('671', '2023-01-31', '1'),
('672', '2023-01-31', '1'),
('673', '2023-01-31', '1'),
('674', '2023-01-31', '1'),
('675', '2023-01-31', '1'),
('676', '2023-02-01', '1'),
('677', '2023-02-01', '1'),
('678', '2023-02-01', '1'),
('679', '2023-02-01', '1'),
('680', '2023-02-01', '1'),
('681', '2023-02-02', '1'),
('682', '2023-02-02', '1'),
('683', '2023-02-02', '1'),
('684', '2023-02-02', '1'),
('685', '2023-02-02', '1'),
('686', '2023-02-02', '1'),
('687', '2023-02-03', '1'),
('688', '2023-02-03', '1'),
('689', '2023-02-03', '1'),
('690', '2023-02-04', '1'),
('691', '2023-02-04', '1'),
('692', '2023-02-04', '1'),
('693', '2023-02-04', '1'),
('694', '2023-02-04', '1'),
('695', '2023-02-05', '0'),
('696', '2023-02-06', '1'),
('697', '2023-02-06', '1'),
('698', '2023-02-06', '1'),
('699', '2023-02-06', '1'),
('700', '2023-02-06', '1'),
('701', '2023-02-06', '1'),
('702', '2023-02-07', '1'),
('703', '2023-02-07', '1'),
('704', '2023-02-07', '1'),
('705', '2023-02-07', '1'),
('706', '2023-02-07', '1'),
('707', '2023-02-07', '1'),
('708', '2023-02-07', '1'),
('709', '2023-02-08', '1'),
('710', '2023-02-08', '1'),
('711', '2023-02-08', '1'),
('712', '2023-02-08', '1'),
('713', '2023-02-08', '1'),
('714', '2023-02-09', '1'),
('715', '2023-02-09', '1'),
('716', '2023-02-09', '1'),
('717', '2023-02-09', '1'),
('718', '2023-02-09', '1'),
('719', '2023-02-09', '1'),
('720', '2023-02-10', '1'),
('721', '2023-02-10', '1'),
('722', '2023-02-10', '1'),
('723', '2023-02-11', '1'),
('724', '2023-02-11', '1'),
('725', '2023-02-11', '1'),
('726', '2023-02-11', '1'),
('727', '2023-02-11', '1'),
('728', '2023-02-12', '0'),
('729', '2023-02-13', '1'),
('730', '2023-02-13', '1'),
('731', '2023-02-13', '1'),
('732', '2023-02-13', '1'),
('733', '2023-02-13', '1'),
('734', '2023-02-13', '1'),
('735', '2023-02-14', '1'),
('736', '2023-02-14', '1'),
('737', '2023-02-14', '1'),
('738', '2023-02-14', '1'),
('739', '2023-02-14', '1'),
('740', '2023-02-14', '1'),
('741', '2023-02-14', '1'),
('742', '2023-02-15', '1'),
('743', '2023-02-15', '1'),
('744', '2023-02-15', '1'),
('745', '2023-02-15', '1'),
('746', '2023-02-15', '1'),
('747', '2023-02-16', '1'),
('748', '2023-02-16', '1'),
('749', '2023-02-16', '1'),
('750', '2023-02-16', '1'),
('751', '2023-02-16', '1'),
('752', '2023-02-16', '1'),
('753', '2023-02-17', '1'),
('754', '2023-02-17', '1'),
('755', '2023-02-17', '1'),
('756', '2023-02-18', '1'),
('757', '2023-02-18', '1'),
('758', '2023-02-18', '1'),
('759', '2023-02-18', '1'),
('760', '2023-02-18', '1'),
('761', '2023-02-19', '0'),
('762', '2023-02-20', '1'),
('763', '2023-02-20', '1'),
('764', '2023-02-20', '1'),
('765', '2023-02-20', '1'),
('766', '2023-02-20', '1'),
('767', '2023-02-20', '1'),
('768', '2023-02-21', '1'),
('769', '2023-02-21', '1'),
('770', '2023-02-21', '1'),
('771', '2023-02-21', '1'),
('772', '2023-02-21', '1'),
('773', '2023-02-21', '1'),
('774', '2023-02-21', '1'),
('775', '2023-02-22', '1'),
('776', '2023-02-22', '1'),
('777', '2023-02-22', '1'),
('778', '2023-02-22', '1'),
('779', '2023-02-22', '1'),
('780', '2023-02-23', '1'),
('781', '2023-02-23', '1'),
('782', '2023-02-23', '1'),
('783', '2023-02-23', '1'),
('784', '2023-02-23', '1'),
('785', '2023-02-23', '1'),
('786', '2023-02-24', '1'),
('787', '2023-02-24', '1'),
('788', '2023-02-24', '1'),
('789', '2023-02-25', '1'),
('790', '2023-02-25', '1'),
('791', '2023-02-25', '1'),
('792', '2023-02-25', '1'),
('793', '2023-02-25', '1'),
('794', '2023-02-26', '0'),
('795', '2023-02-27', '1'),
('796', '2023-02-27', '1'),
('797', '2023-02-27', '1'),
('798', '2023-02-27', '1'),
('799', '2023-02-27', '1'),
('800', '2023-02-27', '1'),
('801', '2023-02-28', '1'),
('802', '2023-02-28', '1'),
('803', '2023-02-28', '1'),
('804', '2023-02-28', '1'),
('805', '2023-02-28', '1'),
('806', '2023-02-28', '1'),
('807', '2023-02-28', '1'),
('808', '2023-03-01', '1'),
('809', '2023-03-01', '1'),
('810', '2023-03-01', '1'),
('811', '2023-03-01', '1'),
('812', '2023-03-01', '1'),
('813', '2023-03-02', '1'),
('814', '2023-03-02', '1'),
('815', '2023-03-02', '1'),
('816', '2023-03-02', '1'),
('817', '2023-03-02', '1'),
('818', '2023-03-02', '1'),
('819', '2023-03-03', '1'),
('820', '2023-03-03', '1'),
('821', '2023-03-03', '1'),
('822', '2023-03-04', '1'),
('823', '2023-03-04', '1'),
('824', '2023-03-04', '1'),
('825', '2023-03-04', '1'),
('826', '2023-03-04', '1'),
('827', '2023-03-05', '0'),
('828', '2023-03-06', '1'),
('829', '2023-03-06', '1'),
('830', '2023-03-06', '1'),
('831', '2023-03-06', '1'),
('832', '2023-03-06', '1'),
('833', '2023-03-06', '1'),
('834', '2023-03-07', '1'),
('835', '2023-03-07', '1'),
('836', '2023-03-07', '1'),
('837', '2023-03-07', '1'),
('838', '2023-03-07', '1'),
('839', '2023-03-07', '1'),
('840', '2023-03-07', '1'),
('841', '2023-03-08', '1'),
('842', '2023-03-08', '1'),
('843', '2023-03-08', '1'),
('844', '2023-03-08', '1'),
('845', '2023-03-08', '1'),
('846', '2023-03-09', '1'),
('847', '2023-03-09', '1'),
('848', '2023-03-09', '1'),
('849', '2023-03-09', '1'),
('850', '2023-03-09', '1'),
('851', '2023-03-09', '1'),
('852', '2023-03-10', '1'),
('853', '2023-03-10', '1'),
('854', '2023-03-10', '1'),
('855', '2023-03-11', '1'),
('856', '2023-03-11', '1'),
('857', '2023-03-11', '1'),
('858', '2023-03-11', '1'),
('859', '2023-03-11', '1'),
('860', '2023-03-12', '0'),
('861', '2023-03-13', '1'),
('862', '2023-03-13', '1'),
('863', '2023-03-13', '1'),
('864', '2023-03-13', '1'),
('865', '2023-03-13', '1'),
('866', '2023-03-13', '1'),
('867', '2023-03-14', '1'),
('868', '2023-03-14', '1'),
('869', '2023-03-14', '1'),
('870', '2023-03-14', '1'),
('871', '2023-03-14', '1'),
('872', '2023-03-14', '1'),
('873', '2023-03-14', '1'),
('874', '2023-03-15', '1'),
('875', '2023-03-15', '1'),
('876', '2023-03-15', '1'),
('877', '2023-03-15', '1'),
('878', '2023-03-15', '1'),
('879', '2023-03-16', '1'),
('880', '2023-03-16', '1'),
('881', '2023-03-16', '1'),
('882', '2023-03-16', '1'),
('883', '2023-03-16', '1'),
('884', '2023-03-16', '1'),
('885', '2023-03-17', '1'),
('886', '2023-03-17', '1'),
('887', '2023-03-17', '1'),
('888', '2023-03-18', '1'),
('889', '2023-03-18', '1'),
('890', '2023-03-18', '1'),
('891', '2023-03-18', '1'),
('892', '2023-03-18', '1'),
('893', '2023-03-19', '0'),
('894', '2023-03-20', '1'),
('895', '2023-03-20', '1'),
('896', '2023-03-20', '1'),
('897', '2023-03-20', '1'),
('898', '2023-03-20', '1'),
('899', '2023-03-20', '1'),
('900', '2023-03-21', '1'),
('901', '2023-03-21', '1'),
('902', '2023-03-21', '1'),
('903', '2023-03-21', '1'),
('904', '2023-03-21', '1'),
('905', '2023-03-21', '1'),
('906', '2023-03-21', '1'),
('907', '2023-03-22', '1'),
('908', '2023-03-22', '1'),
('909', '2023-03-22', '1'),
('910', '2023-03-22', '1'),
('911', '2023-03-22', '1'),
('912', '2023-03-23', '1'),
('913', '2023-03-23', '1'),
('914', '2023-03-23', '1'),
('915', '2023-03-23', '1'),
('916', '2023-03-23', '1'),
('917', '2023-03-23', '1'),
('918', '2023-03-24', '1'),
('919', '2023-03-24', '1'),
('920', '2023-03-24', '1'),
('921', '2023-03-25', '1'),
('922', '2023-03-25', '1'),
('923', '2023-03-25', '1'),
('924', '2023-03-25', '1'),
('925', '2023-03-25', '1'),
('926', '2023-03-26', '0'),
('927', '2023-03-27', '1'),
('928', '2023-03-27', '1'),
('929', '2023-03-27', '1'),
('930', '2023-03-27', '1'),
('931', '2023-03-27', '1'),
('932', '2023-03-27', '1'),
('933', '2023-03-28', '1'),
('934', '2023-03-28', '1'),
('935', '2023-03-28', '1'),
('936', '2023-03-28', '1'),
('937', '2023-03-28', '1'),
('938', '2023-03-28', '1'),
('939', '2023-03-28', '1'),
('940', '2023-03-29', '1'),
('941', '2023-03-29', '1'),
('942', '2023-03-29', '1'),
('943', '2023-03-29', '1'),
('944', '2023-03-29', '1'),
('945', '2023-03-30', '1'),
('946', '2023-03-30', '1'),
('947', '2023-03-30', '1'),
('948', '2023-03-30', '1'),
('949', '2023-03-30', '1'),
('950', '2023-03-30', '1'),
('951', '2023-03-31', '1'),
('952', '2023-03-31', '1'),
('953', '2023-03-31', '1'),
('954', '2023-04-01', '1'),
('955', '2023-04-01', '1'),
('956', '2023-04-01', '1'),
('957', '2023-04-01', '1'),
('958', '2023-04-01', '1'),
('959', '2023-04-02', '0'),
('960', '2023-04-03', '1'),
('961', '2023-04-03', '1'),
('962', '2023-04-03', '1'),
('963', '2023-04-03', '1'),
('964', '2023-04-03', '1'),
('965', '2023-04-03', '1'),
('966', '2023-04-04', '1'),
('967', '2023-04-04', '1'),
('968', '2023-04-04', '1'),
('969', '2023-04-04', '1'),
('970', '2023-04-04', '1'),
('971', '2023-04-04', '1'),
('972', '2023-04-04', '1'),
('973', '2023-04-05', '1'),
('974', '2023-04-05', '1'),
('975', '2023-04-05', '1'),
('976', '2023-04-05', '1'),
('977', '2023-04-05', '1'),
('978', '2023-04-06', '1'),
('979', '2023-04-06', '1'),
('980', '2023-04-06', '1'),
('981', '2023-04-06', '1'),
('982', '2023-04-06', '1'),
('983', '2023-04-06', '1'),
('984', '2023-04-07', '1'),
('985', '2023-04-07', '1'),
('986', '2023-04-07', '1'),
('987', '2023-04-08', '1'),
('988', '2023-04-08', '1'),
('989', '2023-04-08', '1'),
('990', '2023-04-08', '1'),
('991', '2023-04-08', '1'),
('992', '2023-04-09', '0'),
('993', '2023-04-10', '1'),
('994', '2023-04-10', '1'),
('995', '2023-04-10', '1'),
('996', '2023-04-10', '1'),
('997', '2023-04-10', '1'),
('998', '2023-04-10', '1'),
('999', '2023-04-11', '1'),
('1000', '2023-04-11', '1'),
('1001', '2023-04-11', '1'),
('1002', '2023-04-11', '1'),
('1003', '2023-04-11', '1'),
('1004', '2023-04-11', '1'),
('1005', '2023-04-11', '1'),
('1006', '2023-04-12', '1'),
('1007', '2023-04-12', '1'),
('1008', '2023-04-12', '1'),
('1009', '2023-04-12', '1'),
('1010', '2023-04-12', '1'),
('1011', '2023-04-13', '1'),
('1012', '2023-04-13', '1'),
('1013', '2023-04-13', '1'),
('1014', '2023-04-13', '1'),
('1015', '2023-04-13', '1'),
('1016', '2023-04-13', '1'),
('1017', '2023-04-14', '1'),
('1018', '2023-04-14', '1'),
('1019', '2023-04-14', '1'),
('1020', '2023-04-15', '1'),
('1021', '2023-04-15', '1'),
('1022', '2023-04-15', '1'),
('1023', '2023-04-15', '1'),
('1024', '2023-04-15', '1'),
('1025', '2023-04-16', '0'),
('1026', '2023-04-17', '1'),
('1027', '2023-04-17', '1'),
('1028', '2023-04-17', '1'),
('1029', '2023-04-17', '1'),
('1030', '2023-04-17', '1'),
('1031', '2023-04-17', '1'),
('1032', '2023-04-18', '1'),
('1033', '2023-04-18', '1'),
('1034', '2023-04-18', '1'),
('1035', '2023-04-18', '1'),
('1036', '2023-04-18', '1'),
('1037', '2023-04-18', '1'),
('1038', '2023-04-19', '1'),
('1039', '2023-04-19', '1'),
('1040', '2023-04-19', '1'),
('1041', '2023-04-19', '1'),
('1042', '2023-04-19', '1'),
('1043', '2023-04-20', '1'),
('1044', '2023-04-20', '1'),
('1045', '2023-04-20', '1'),
('1046', '2023-04-20', '1'),
('1047', '2023-04-20', '1'),
('1048', '2023-04-20', '1'),
('1049', '2023-04-21', '1'),
('1050', '2023-04-21', '1'),
('1051', '2023-04-21', '1'),
('1052', '2023-04-22', '1'),
('1053', '2023-04-22', '1'),
('1054', '2023-04-22', '1'),
('1055', '2023-04-22', '1'),
('1056', '2023-04-22', '1'),
('1057', '2023-04-23', '0'),
('1058', '2023-04-24', '1'),
('1059', '2023-04-24', '1'),
('1060', '2023-04-24', '1'),
('1061', '2023-04-24', '1'),
('1062', '2023-04-24', '1'),
('1063', '2023-04-24', '1'),
('1064', '2023-04-25', '1'),
('1065', '2023-04-25', '1'),
('1066', '2023-04-25', '1'),
('1067', '2023-04-25', '1'),
('1068', '2023-04-25', '1'),
('1069', '2023-04-25', '1'),
('1070', '2023-04-26', '1'),
('1071', '2023-04-26', '1'),
('1072', '2023-04-26', '1'),
('1073', '2023-04-26', '1'),
('1074', '2023-04-26', '1'),
('1075', '2023-04-27', '1'),
('1076', '2023-04-27', '1'),
('1077', '2023-04-27', '1'),
('1078', '2023-04-27', '1'),
('1079', '2023-04-27', '1'),
('1080', '2023-04-27', '1'),
('1081', '2023-04-28', '1'),
('1082', '2023-04-28', '1'),
('1083', '2023-04-28', '1'),
('1084', '2023-04-29', '1'),
('1085', '2023-04-29', '1'),
('1086', '2023-04-29', '1'),
('1087', '2023-04-29', '1'),
('1088', '2023-04-29', '1'),
('1089', '2023-04-30', '0'),
('1090', '2023-05-01', '1'),
('1091', '2023-05-01', '1'),
('1092', '2023-05-01', '1'),
('1093', '2023-05-01', '1'),
('1094', '2023-05-01', '1'),
('1095', '2023-05-01', '1'),
('1096', '2023-05-02', '1'),
('1097', '2023-05-02', '1'),
('1098', '2023-05-02', '1'),
('1099', '2023-05-02', '1'),
('1100', '2023-05-02', '1'),
('1101', '2023-05-02', '1'),
('1102', '2023-05-03', '1'),
('1103', '2023-05-03', '1'),
('1104', '2023-05-03', '1'),
('1105', '2023-05-03', '1'),
('1106', '2023-05-03', '1'),
('1107', '2023-05-04', '1'),
('1108', '2023-05-04', '1'),
('1109', '2023-05-04', '1'),
('1110', '2023-05-04', '1'),
('1111', '2023-05-04', '1'),
('1112', '2023-05-04', '1'),
('1113', '2023-05-05', '1'),
('1114', '2023-05-05', '1'),
('1115', '2023-05-05', '1'),
('1116', '2023-05-06', '1'),
('1117', '2023-05-06', '1'),
('1118', '2023-05-06', '1'),
('1119', '2023-05-06', '1'),
('1120', '2023-05-06', '1'),
('1121', '2023-05-07', '0'),
('1122', '2023-05-08', '2'),
('1123', '2023-05-08', '2'),
('1124', '2023-05-08', '2'),
('1125', '2023-05-08', '2'),
('1126', '2023-05-08', '2'),
('1127', '2023-05-08', '2'),
('1128', '2023-05-09', '2'),
('1129', '2023-05-09', '2'),
('1130', '2023-05-09', '2'),
('1131', '2023-05-09', '2'),
('1132', '2023-05-09', '2'),
('1133', '2023-05-09', '2'),
('1134', '2023-05-10', '1'),
('1135', '2023-05-10', '1'),
('1136', '2023-05-10', '1'),
('1137', '2023-05-10', '1'),
('1138', '2023-05-11', '2'),
('1139', '2023-05-11', '2'),
('1140', '2023-05-11', '2'),
('1141', '2023-05-11', '2'),
('1142', '2023-05-11', '2'),
('1143', '2023-05-11', '2'),
('1144', '2023-05-12', '2'),
('1145', '2023-05-12', '2'),
('1146', '2023-05-12', '2'),
('1147', '2023-05-13', '0'),
('1148', '2023-05-14', '0'),
('1149', '2023-05-15', '2'),
('1150', '2023-05-15', '2'),
('1151', '2023-05-15', '2'),
('1152', '2023-05-15', '2'),
('1153', '2023-05-15', '2'),
('1154', '2023-05-15', '2'),
('1155', '2023-05-16', '2'),
('1156', '2023-05-16', '2'),
('1157', '2023-05-16', '2'),
('1158', '2023-05-16', '2'),
('1159', '2023-05-16', '2'),
('1160', '2023-05-16', '2'),
('1161', '2023-05-17', '1'),
('1162', '2023-05-17', '1'),
('1163', '2023-05-17', '1'),
('1164', '2023-05-17', '1'),
('1165', '2023-05-18', '2'),
('1166', '2023-05-18', '2'),
('1167', '2023-05-18', '2'),
('1168', '2023-05-18', '2'),
('1169', '2023-05-18', '2'),
('1170', '2023-05-18', '2'),
('1171', '2023-05-19', '2'),
('1172', '2023-05-19', '2'),
('1173', '2023-05-19', '2'),
('1174', '2023-05-20', '0'),
('1175', '2023-05-21', '0'),
('1176', '2023-05-22', '2'),
('1177', '2023-05-22', '2'),
('1178', '2023-05-22', '2'),
('1179', '2023-05-22', '2'),
('1180', '2023-05-22', '2'),
('1181', '2023-05-22', '2'),
('1182', '2023-05-23', '2'),
('1183', '2023-05-23', '2'),
('1184', '2023-05-23', '2'),
('1185', '2023-05-23', '2'),
('1186', '2023-05-23', '2'),
('1187', '2023-05-23', '2'),
('1188', '2023-05-24', '1'),
('1189', '2023-05-24', '1'),
('1190', '2023-05-24', '1'),
('1191', '2023-05-24', '1'),
('1192', '2023-05-25', '2'),
('1193', '2023-05-25', '2'),
('1194', '2023-05-25', '2'),
('1195', '2023-05-25', '2'),
('1196', '2023-05-25', '2'),
('1197', '2023-05-25', '2'),
('1198', '2023-05-26', '2'),
('1199', '2023-05-26', '2'),
('1200', '2023-05-26', '2'),
('1201', '2023-05-27', '0'),
('1202', '2023-05-28', '0'),
('1203', '2023-05-29', '2'),
('1204', '2023-05-29', '2'),
('1205', '2023-05-29', '2'),
('1206', '2023-05-29', '2'),
('1207', '2023-05-29', '2'),
('1208', '2023-05-29', '2'),
('1209', '2023-05-30', '2'),
('1210', '2023-05-30', '2'),
('1211', '2023-05-30', '2'),
('1212', '2023-05-30', '2'),
('1213', '2023-05-30', '2'),
('1214', '2023-05-30', '2'),
('1215', '2023-05-31', '1'),
('1216', '2023-05-31', '1'),
('1217', '2023-05-31', '1'),
('1218', '2023-05-31', '1'),
('1219', '2023-06-01', '2'),
('1220', '2023-06-01', '2'),
('1221', '2023-06-01', '2'),
('1222', '2023-06-01', '2'),
('1223', '2023-06-01', '2'),
('1224', '2023-06-01', '2'),
('1225', '2023-06-02', '2'),
('1226', '2023-06-02', '2'),
('1227', '2023-06-02', '2'),
('1228', '2023-06-03', '0'),
('1229', '2023-06-04', '0'),
('1230', '2023-06-05', '2'),
('1231', '2023-06-05', '2'),
('1232', '2023-06-05', '2'),
('1233', '2023-06-05', '2'),
('1234', '2023-06-05', '2'),
('1235', '2023-06-05', '2'),
('1236', '2023-06-06', '2'),
('1237', '2023-06-06', '2'),
('1238', '2023-06-06', '2'),
('1239', '2023-06-06', '2'),
('1240', '2023-06-06', '2'),
('1241', '2023-06-06', '2'),
('1242', '2023-06-07', '1'),
('1243', '2023-06-07', '1'),
('1244', '2023-06-07', '1'),
('1245', '2023-06-07', '1'),
('1246', '2023-06-08', '2'),
('1247', '2023-06-08', '2'),
('1248', '2023-06-08', '2'),
('1249', '2023-06-08', '2'),
('1250', '2023-06-08', '2'),
('1251', '2023-06-08', '2'),
('1252', '2023-06-09', '2'),
('1253', '2023-06-09', '2'),
('1254', '2023-06-09', '2'),
('1255', '2023-06-10', '0'),
('1256', '2023-06-11', '0'),
('1257', '2023-06-12', '2'),
('1258', '2023-06-12', '2'),
('1259', '2023-06-12', '2'),
('1260', '2023-06-12', '2'),
('1261', '2023-06-12', '2'),
('1262', '2023-06-12', '2'),
('1263', '2023-06-13', '2'),
('1264', '2023-06-13', '2'),
('1265', '2023-06-13', '2'),
('1266', '2023-06-13', '2'),
('1267', '2023-06-13', '2'),
('1268', '2023-06-13', '2'),
('1269', '2023-06-14', '1'),
('1270', '2023-06-14', '1'),
('1271', '2023-06-14', '1'),
('1272', '2023-06-14', '1'),
('1273', '2023-06-15', '2'),
('1274', '2023-06-15', '2'),
('1275', '2023-06-15', '2'),
('1276', '2023-06-15', '2'),
('1277', '2023-06-15', '2'),
('1278', '2023-06-15', '2'),
('1279', '2023-06-16', '2'),
('1280', '2023-06-16', '2'),
('1281', '2023-06-16', '2'),
('1282', '2023-06-17', '0'),
('1283', '2023-06-18', '0'),
('1284', '2023-06-19', '2'),
('1285', '2023-06-19', '2'),
('1286', '2023-06-19', '2'),
('1287', '2023-06-19', '2'),
('1288', '2023-06-19', '2'),
('1289', '2023-06-19', '2'),
('1290', '2023-06-20', '2'),
('1291', '2023-06-20', '2'),
('1292', '2023-06-20', '2'),
('1293', '2023-06-20', '2'),
('1294', '2023-06-20', '2'),
('1295', '2023-06-20', '2'),
('1296', '2023-06-21', '1'),
('1297', '2023-06-21', '1'),
('1298', '2023-06-21', '1'),
('1299', '2023-06-21', '1'),
('1300', '2023-06-22', '2'),
('1301', '2023-06-22', '2'),
('1302', '2023-06-22', '2'),
('1303', '2023-06-22', '2'),
('1304', '2023-06-22', '2'),
('1305', '2023-06-22', '2'),
('1306', '2023-06-23', '2'),
('1307', '2023-06-23', '2'),
('1308', '2023-06-23', '2'),
('1309', '2023-06-24', '0'),
('1310', '2023-06-25', '0'),
('1311', '2023-06-26', '2'),
('1312', '2023-06-26', '2'),
('1313', '2023-06-26', '2'),
('1314', '2023-06-26', '2'),
('1315', '2023-06-26', '2'),
('1316', '2023-06-26', '2'),
('1317', '2023-06-27', '2'),
('1318', '2023-06-27', '2'),
('1319', '2023-06-27', '2'),
('1320', '2023-06-27', '2'),
('1321', '2023-06-27', '2'),
('1322', '2023-06-27', '2'),
('1323', '2023-06-28', '1'),
('1324', '2023-06-28', '1'),
('1325', '2023-06-28', '1'),
('1326', '2023-06-28', '1'),
('1327', '2023-06-29', '2'),
('1328', '2023-06-29', '2'),
('1329', '2023-06-29', '2'),
('1330', '2023-06-29', '2'),
('1331', '2023-06-29', '2'),
('1332', '2023-06-29', '2'),
('1333', '2023-06-30', '2'),
('1334', '2023-06-30', '2'),
('1335', '2023-06-30', '2'),
('1336', '2023-07-01', '0'),
('1337', '2023-07-02', '0'),
('1338', '2023-07-03', '2'),
('1339', '2023-07-03', '2'),
('1340', '2023-07-03', '2'),
('1341', '2023-07-03', '2'),
('1342', '2023-07-03', '2'),
('1343', '2023-07-03', '2'),
('1344', '2023-07-04', '2'),
('1345', '2023-07-04', '2'),
('1346', '2023-07-04', '2'),
('1347', '2023-07-04', '2'),
('1348', '2023-07-04', '2'),
('1349', '2023-07-04', '2'),
('1350', '2023-07-05', '1'),
('1351', '2023-07-05', '1'),
('1352', '2023-07-05', '1'),
('1353', '2023-07-05', '1'),
('1354', '2023-07-06', '2'),
('1355', '2023-07-06', '2'),
('1356', '2023-07-06', '2'),
('1357', '2023-07-06', '2'),
('1358', '2023-07-06', '2'),
('1359', '2023-07-06', '2'),
('1360', '2023-07-07', '2'),
('1361', '2023-07-07', '2'),
('1362', '2023-07-07', '2'),
('1363', '2023-07-08', '0'),
('1364', '2023-07-09', '0'),
('1365', '2023-07-10', '2'),
('1366', '2023-07-10', '2'),
('1367', '2023-07-10', '2'),
('1368', '2023-07-10', '2'),
('1369', '2023-07-10', '2'),
('1370', '2023-07-10', '2'),
('1371', '2023-07-11', '2'),
('1372', '2023-07-11', '2'),
('1373', '2023-07-11', '2'),
('1374', '2023-07-11', '2'),
('1375', '2023-07-11', '2'),
('1376', '2023-07-11', '2'),
('1377', '2023-07-12', '1'),
('1378', '2023-07-12', '1'),
('1379', '2023-07-12', '1'),
('1380', '2023-07-12', '1'),
('1381', '2023-07-13', '2'),
('1382', '2023-07-13', '2'),
('1383', '2023-07-13', '2'),
('1384', '2023-07-13', '2'),
('1385', '2023-07-13', '2'),
('1386', '2023-07-13', '2'),
('1387', '2023-07-14', '2'),
('1388', '2023-07-14', '2'),
('1389', '2023-07-14', '2'),
('1390', '2023-07-15', '0'),
('1391', '2023-07-16', '0'),
('1392', '2023-07-17', '2'),
('1393', '2023-07-17', '2'),
('1394', '2023-07-17', '2'),
('1395', '2023-07-17', '2'),
('1396', '2023-07-17', '2'),
('1397', '2023-07-17', '2'),
('1398', '2023-07-18', '2'),
('1399', '2023-07-18', '2'),
('1400', '2023-07-18', '2'),
('1401', '2023-07-18', '2'),
('1402', '2023-07-18', '2'),
('1403', '2023-07-18', '2'),
('1404', '2023-07-19', '1'),
('1405', '2023-07-19', '1'),
('1406', '2023-07-19', '1'),
('1407', '2023-07-19', '1'),
('1408', '2023-07-20', '2'),
('1409', '2023-07-20', '2'),
('1410', '2023-07-20', '2'),
('1411', '2023-07-20', '2'),
('1412', '2023-07-20', '2'),
('1413', '2023-07-20', '2'),
('1414', '2023-07-21', '2'),
('1415', '2023-07-21', '2'),
('1416', '2023-07-21', '2'),
('1417', '2023-07-22', '0'),
('1418', '2023-07-23', '0'),
('1419', '2023-07-24', '2'),
('1420', '2023-07-24', '2'),
('1421', '2023-07-24', '2'),
('1422', '2023-07-24', '2'),
('1423', '2023-07-24', '2'),
('1424', '2023-07-24', '2'),
('1425', '2023-07-25', '2'),
('1426', '2023-07-25', '2'),
('1427', '2023-07-25', '2'),
('1428', '2023-07-26', '2'),
('1429', '2023-07-26', '2'),
('1430', '2023-07-26', '2'),
('1431', '2023-07-26', '1'),
('1432', '2023-07-26', '1'),
('1433', '2023-07-26', '1'),
('1434', '2023-07-26', '1'),
('1435', '2023-07-27', '2'),
('1436', '2023-07-27', '2'),
('1437', '2023-07-27', '2'),
('1438', '2023-07-27', '2'),
('1439', '2023-07-27', '2'),
('1440', '2023-07-27', '2'),
('1441', '2023-07-28', '2'),
('1442', '2023-07-28', '2'),
('1443', '2023-07-28', '2'),
('1444', '2023-07-29', '0'),
('1445', '2023-07-30', '0'),
('1446', '2023-07-31', '2'),
('1447', '2023-07-31', '2'),
('1448', '2023-07-31', '2'),
('1449', '2023-07-31', '2'),
('1450', '2023-07-31', '2'),
('1451', '2023-07-31', '2'),
('1452', '2023-08-01', '2'),
('1453', '2023-08-01', '2'),
('1454', '2023-08-01', '2'),
('1455', '2023-08-01', '2'),
('1456', '2023-08-01', '2'),
('1457', '2023-08-01', '2'),
('1458', '2023-08-02', '1'),
('1459', '2023-08-02', '1'),
('1460', '2023-08-02', '1'),
('1461', '2023-08-02', '1'),
('1462', '2023-08-03', '2'),
('1463', '2023-08-03', '2'),
('1464', '2023-08-03', '2'),
('1465', '2023-08-03', '2'),
('1466', '2023-08-03', '2'),
('1467', '2023-08-03', '2'),
('1468', '2023-08-04', '2'),
('1469', '2023-08-04', '2'),
('1470', '2023-08-04', '2'),
('1471', '2023-08-05', '0'),
('1472', '2023-08-06', '0'),
('1473', '2023-08-07', '1'),
('1474', '2023-08-07', '1'),
('1475', '2023-08-07', '1'),
('1476', '2023-08-07', '1'),
('1477', '2023-08-07', '1'),
('1478', '2023-08-07', '1'),
('1479', '2023-08-07', '1'),
('1480', '2023-08-08', '1'),
('1481', '2023-08-08', '1'),
('1482', '2023-08-08', '1'),
('1483', '2023-08-08', '1'),
('1484', '2023-08-08', '1'),
('1485', '2023-08-08', '1'),
('1486', '2023-08-09', '1'),
('1487', '2023-08-09', '1'),
('1488', '2023-08-09', '1'),
('1489', '2023-08-09', '1'),
('1490', '2023-08-09', '1'),
('1491', '2023-08-10', '1'),
('1492', '2023-08-10', '1'),
('1493', '2023-08-10', '1'),
('1494', '2023-08-10', '1'),
('1495', '2023-08-10', '1'),
('1496', '2023-08-10', '1'),
('1497', '2023-08-11', '1'),
('1498', '2023-08-11', '1'),
('1499', '2023-08-11', '1'),
('1500', '2023-08-12', '0'),
('1501', '2023-08-13', '0'),
('1502', '2023-08-14', '1'),
('1503', '2023-08-14', '1'),
('1504', '2023-08-14', '1'),
('1505', '2023-08-14', '1'),
('1506', '2023-08-14', '1'),
('1507', '2023-08-14', '1'),
('1508', '2023-08-15', '1'),
('1509', '2023-08-15', '1'),
('1510', '2023-08-15', '1'),
('1511', '2023-08-15', '1'),
('1512', '2023-08-15', '1'),
('1513', '2023-08-15', '1'),
('1514', '2023-08-16', '1'),
('1515', '2023-08-16', '1'),
('1516', '2023-08-16', '1'),
('1517', '2023-08-16', '1'),
('1518', '2023-08-16', '1'),
('1519', '2023-08-17', '1'),
('1520', '2023-08-17', '1'),
('1521', '2023-08-17', '1'),
('1522', '2023-08-17', '1'),
('1523', '2023-08-17', '1'),
('1524', '2023-08-17', '1'),
('1525', '2023-08-18', '1'),
('1526', '2023-08-18', '1'),
('1527', '2023-08-18', '1'),
('1528', '2023-08-19', '0'),
('1529', '2023-08-20', '0'),
('1530', '2023-08-21', '1'),
('1531', '2023-08-21', '1'),
('1532', '2023-08-21', '1'),
('1533', '2023-08-21', '1'),
('1534', '2023-08-21', '1'),
('1535', '2023-08-21', '1'),
('1536', '2023-08-22', '1'),
('1537', '2023-08-22', '1'),
('1538', '2023-08-22', '1'),
('1539', '2023-08-22', '1'),
('1540', '2023-08-22', '1'),
('1541', '2023-08-22', '1'),
('1542', '2023-08-23', '1'),
('1543', '2023-08-23', '1'),
('1544', '2023-08-23', '1'),
('1545', '2023-08-23', '1'),
('1546', '2023-08-23', '1'),
('1547', '2023-08-24', '1'),
('1548', '2023-08-24', '1'),
('1549', '2023-08-24', '1'),
('1550', '2023-08-24', '1'),
('1551', '2023-08-24', '1'),
('1552', '2023-08-24', '1'),
('1553', '2023-08-25', '1'),
('1554', '2023-08-25', '1'),
('1555', '2023-08-25', '1'),
('1556', '2023-08-26', '0'),
('1557', '2023-08-27', '0'),
('1558', '2023-08-28', '1'),
('1559', '2023-08-28', '1'),
('1560', '2023-08-28', '1'),
('1561', '2023-08-28', '1'),
('1562', '2023-08-28', '1'),
('1563', '2023-08-28', '1'),
('1564', '2023-08-29', '1'),
('1565', '2023-08-29', '1'),
('1566', '2023-08-29', '1'),
('1567', '2023-08-29', '1'),
('1568', '2023-08-29', '1'),
('1569', '2023-08-29', '1'),
('1570', '2023-08-30', '1'),
('1571', '2023-08-30', '1'),
('1572', '2023-08-30', '1'),
('1573', '2023-08-30', '1'),
('1574', '2023-08-30', '1'),
('1575', '2023-08-31', '1'),
('1576', '2023-08-31', '1'),
('1577', '2023-08-31', '1'),
('1578', '2023-08-31', '1'),
('1579', '2023-08-31', '1'),
('1580', '2023-08-31', '1'),
('1581', '2023-09-01', '1'),
('1582', '2023-09-01', '1'),
('1583', '2023-09-01', '1'),
('1584', '2023-09-02', '0'),
('1585', '2023-09-03', '0');

INSERT INTO lifts (
    "workout_id",
    "exercise_id",
    "weight_lbs",
    "sets",
    "reps",
    "volume_lbs"
)

VALUES 
('1', '1', '45', '1', '8', '360'),
('1', '1', '95', '1', '5', '475'),
('1', '1', '135', '3', '5', '2025'),
('2', '2', '135', '1', '5', '675'),
('2', '2', '225', '1', '5', '1125'),
('2', '2', '315', '3', '5', '4725'),
('3', '3', '135', '1', '5', '675'),
('3', '3', '225', '3', '3', '2025'),
('3', '3', '275', '1', '2', '450'),
('4', '1', '45', '1', '8', '360'),
('4', '1', '75', '1', '6', '450'),
('4', '1', '95', '3', '6', '1710'),
('5', '2', '135', '4', '6', '3240'),
('6', '0', '0', '0', '0', '0'),
('7', '0', '0', '0', '0', '0'),
('8', '1', '45', '1', '8', '360'),
('8', '1', '135', '1', '5', '675'),
('8', '1', '185', '3', '5', '2775'),
('9', '2', '135', '1', '5', '675'),
('9', '2', '225', '1', '5', '1125'),
('9', '2', '315', '3', '5', '4725'),
('10', '3', '135', '1', '5', '675'),
('10', '3', '225', '3', '3', '2025'),
('10', '3', '275', '1', '2', '450'),
('11', '1', '45', '1', '8', '360'),
('11', '1', '75', '1', '6', '450'),
('11', '1', '95', '3', '6', '1710'),
('12', '2', '135', '4', '6', '3240'),
('13', '0', '0', '0', '0', '0'),
('14', '0', '0', '0', '0', '0'),
('15', '1', '45', '1', '8', '360'),
('15', '1', '95', '1', '5', '475'),
('15', '1', '135', '3', '5', '2025'),
('16', '2', '135', '1', '5', '675'),
('16', '2', '225', '1', '3', '675'),
('16', '2', '315', '1', '1', '315'),
('16', '2', '315', '1', '1', '315'),
('16', '2', '405', '1', '1', '405'),
('17', '3', '135', '1', '5', '675'),
('17', '3', '225', '3', '3', '2025'),
('17', '3', '275', '1', '3', '675'),
('18', '1', '45', '1', '8', '360'),
('18', '1', '75', '1', '6', '450'),
('18', '1', '95', '3', '6', '1710'),
('19', '2', '135', '4', '6', '3240'),
('20', '0', '0', '0', '0', '0'),
('21', '0', '0', '0', '0', '0'),
('22', '1', '45', '1', '8', '360'),
('22', '1', '135', '1', '5', '675'),
('22', '1', '185', '3', '5', '2775'),
('23', '2', '135', '1', '5', '675'),
('23', '2', '225', '1', '5', '1125'),
('23', '2', '315', '3', '5', '4725'),
('24', '3', '135', '1', '5', '675'),
('24', '3', '225', '3', '3', '2025'),
('24', '3', '275', '1', '3', '675'),
('25', '1', '45', '1', '8', '360'),
('25', '1', '75', '1', '6', '450'),
('25', '1', '95', '4', '6', '2280'),
('26', '2', '135', '4', '6', '3240'),
('27', '0', '0', '0', '0', '0'),
('28', '0', '0', '0', '0', '0'),
('29', '1', '45', '1', '8', '360'),
('29', '1', '95', '1', '5', '475'),
('29', '1', '135', '3', '5', '2025'),
('30', '2', '135', '1', '5', '675'),
('30', '2', '225', '1', '5', '1125'),
('30', '2', '315', '3', '5', '4725'),
('31', '3', '135', '1', '5', '675'),
('31', '3', '225', '3', '3', '2025'),
('31', '3', '275', '1', '4', '900'),
('32', '1', '45', '1', '8', '360'),
('32', '1', '75', '1', '6', '450'),
('32', '1', '95', '3', '6', '1710'),
('33', '2', '135', '4', '6', '3240'),
('34', '0', '0', '0', '0', '0'),
('35', '0', '0', '0', '0', '0'),
('36', '1', '45', '1', '8', '360'),
('36', '1', '135', '1', '5', '675'),
('36', '1', '185', '3', '5', '2775'),
('37', '2', '135', '1', '5', '675'),
('37', '2', '225', '1', '5', '1125'),
('37', '2', '315', '3', '5', '4725'),
('38', '3', '135', '1', '5', '675'),
('38', '3', '225', '2', '5', '2250'),
('38', '3', '275', '1', '3', '675'),
('38', '3', '295', '1', '1', '275'),
('39', '1', '45', '1', '8', '360'),
('39', '1', '75', '1', '6', '450'),
('39', '1', '95', '3', '6', '1710'),
('40', '2', '135', '4', '6', '3240'),
('41', '0', '0', '0', '0', '0'),
('42', '0', '0', '0', '0', '0'),
('43', '1', '45', '1', '8', '360'),
('43', '1', '95', '1', '5', '475'),
('43', '1', '135', '3', '5', '2025'),
('44', '2', '135', '1', '5', '675'),
('44', '2', '225', '1', '5', '1125'),
('44', '2', '315', '3', '5', '4725'),
('45', '3', '135', '1', '5', '675'),
('45', '3', '225', '2', '5', '2250'),
('45', '3', '275', '1', '3', '675'),
('46', '1', '45', '1', '8', '360'),
('46', '1', '75', '1', '6', '450'),
('46', '1', '95', '3', '6', '1710'),
('47', '2', '135', '4', '6', '3240'),
('48', '0', '0', '0', '0', '0'),
('49', '0', '0', '0', '0', '0'),
('50', '1', '45', '1', '8', '360'),
('50', '1', '135', '1', '5', '675'),
('50', '1', '185', '5', '5', '4625'),
('51', '2', '135', '1', '5', '675'),
('51', '2', '225', '1', '5', '1125'),
('51', '2', '315', '5', '5', '7875'),
('52', '3', '135', '1', '5', '675'),
('52', '3', '225', '2', '5', '2250'),
('52', '3', '275', '1', '3', '675'),
('53', '1', '45', '1', '8', '360'),
('53', '1', '75', '1', '5', '375'),
('53', '1', '95', '1', '3', '285'),
('53', '1', '115', '1', '2', '230'),
('53', '1', '135', '1', '1', '135'),
('54', '2', '135', '4', '6', '3240'),
('55', '0', '0', '0', '0', '0'),
('56', '0', '0', '0', '0', '0'),
('57', '1', '45', '1', '8', '360'),
('57', '1', '95', '1', '5', '475'),
('57', '1', '135', '3', '5', '2025'),
('58', '2', '135', '1', '5', '675'),
('58', '2', '225', '1', '5', '1125'),
('58', '2', '315', '3', '5', '4725'),
('59', '3', '135', '1', '8', '1080'),
('59', '3', '225', '2', '5', '2250'),
('59', '3', '275', '1', '3', '675'),
('59', '3', '295', '1', '2', '550'),
('60', '1', '45', '1', '8', '360'),
('60', '1', '75', '1', '6', '450'),
('60', '1', '95', '3', '6', '1710'),
('61', '2', '135', '4', '6', '3240'),
('62', '0', '0', '0', '0', '0'),
('63', '0', '0', '0', '0', '0'),
('64', '1', '45', '1', '8', '360'),
('64', '1', '135', '1', '5', '675'),
('64', '1', '195', '3', '5', '2925'),
('65', '2', '135', '1', '5', '675'),
('65', '2', '225', '1', '5', '1125'),
('65', '2', '315', '3', '5', '4725'),
('66', '3', '135', '1', '8', '1080'),
('66', '3', '225', '1', '5', '1125'),
('66', '3', '275', '1', '3', '675'),
('66', '3', '295', '1', '1', '275'),
('66', '3', '315', '1', '1', '295'),
('67', '1', '45', '1', '8', '360'),
('67', '1', '75', '1', '6', '450'),
('67', '1', '95', '3', '6', '1710'),
('68', '2', '135', '4', '6', '3240'),
('69', '0', '0', '0', '0', '0'),
('70', '0', '0', '0', '0', '0'),
('71', '1', '45', '1', '8', '360'),
('71', '1', '95', '1', '5', '475'),
('71', '1', '145', '3', '5', '2175'),
('72', '2', '135', '1', '5', '675'),
('72', '2', '225', '1', '5', '1125'),
('72', '2', '315', '3', '5', '4725'),
('73', '3', '135', '1', '8', '1080'),
('73', '3', '225', '2', '8', '3600'),
('73', '3', '275', '1', '5', '675'),
('73', '3', '295', '1', '2', '590'),
('74', '1', '45', '1', '8', '360'),
('74', '1', '95', '1', '6', '570'),
('74', '1', '115', '3', '6', '2070'),
('75', '2', '135', '4', '6', '3240'),
('76', '0', '0', '0', '0', '0'),
('77', '0', '0', '0', '0', '0'),
('78', '1', '45', '1', '8', '360'),
('78', '1', '135', '1', '5', '675'),
('78', '1', '195', '3', '5', '2925'),
('79', '2', '135', '1', '5', '675'),
('79', '2', '225', '1', '5', '1125'),
('79', '2', '315', '3', '5', '4725'),
('80', '3', '135', '1', '8', '1080'),
('80', '3', '225', '2', '8', '3600'),
('80', '3', '275', '1', '5', '675'),
('80', '3', '295', '1', '2', '590'),
('81', '1', '45', '1', '8', '360'),
('81', '1', '75', '1', '6', '450'),
('81', '1', '95', '3', '6', '1710'),
('82', '2', '135', '4', '6', '3240'),
('83', '0', '0', '0', '0', '0'),
('84', '0', '0', '0', '0', '0'),
('85', '1', '45', '1', '8', '360'),
('85', '1', '95', '1', '5', '475'),
('85', '1', '145', '3', '5', '2175'),
('86', '2', '135', '1', '5', '675'),
('86', '2', '225', '1', '5', '1125'),
('86', '2', '315', '3', '5', '4725'),
('87', '3', '135', '1', '8', '1080'),
('87', '3', '225', '2', '8', '3600'),
('87', '3', '275', '1', '5', '675'),
('87', '3', '295', '1', '3', '885'),
('88', '1', '45', '1', '8', '360'),
('88', '1', '95', '1', '6', '570'),
('88', '1', '115', '3', '6', '2070'),
('89', '2', '135', '4', '6', '3240'),
('90', '0', '0', '0', '0', '0'),
('91', '0', '0', '0', '0', '0'),
('92', '1', '45', '1', '8', '360'),
('92', '1', '135', '1', '5', '675'),
('92', '1', '195', '3', '5', '2925'),
('93', '2', '135', '1', '5', '675'),
('93', '2', '225', '1', '5', '1125'),
('93', '2', '315', '3', '5', '4725'),
('94', '3', '135', '1', '8', '1080'),
('94', '3', '225', '2', '8', '3600'),
('94', '3', '275', '1', '5', '675'),
('94', '3', '295', '1', '3', '885'),
('95', '1', '45', '1', '8', '360'),
('95', '1', '75', '1', '6', '450'),
('95', '1', '95', '3', '6', '1710'),
('96', '2', '135', '4', '6', '3240'),
('97', '0', '0', '0', '0', '0'),
('98', '0', '0', '0', '0', '0'),
('99', '1', '45', '1', '8', '360'),
('99', '1', '95', '1', '5', '475'),
('99', '1', '145', '3', '5', '2175'),
('100', '2', '135', '1', '5', '675'),
('100', '2', '225', '1', '5', '1125'),
('100', '2', '315', '3', '5', '4725'),
('101', '3', '135', '1', '8', '1080'),
('101', '3', '225', '2', '8', '3600'),
('101', '3', '275', '1', '5', '675'),
('101', '3', '295', '1', '3', '885'),
('101', '1', '45', '1', '8', '360'),
('101', '1', '95', '1', '6', '570'),
('101', '1', '115', '3', '6', '2070'),
('102', '2', '135', '4', '6', '3240'),
('103', '0', '0', '0', '0', '0'),
('104', '0', '0', '0', '0', '0'),
('105', '1', '45', '1', '8', '360'),
('105', '1', '135', '1', '5', '675'),
('105', '1', '195', '3', '5', '2925'),
('106', '2', '135', '1', '5', '675'),
('106', '2', '225', '1', '5', '1125'),
('106', '2', '315', '3', '5', '4725'),
('107', '3', '135', '1', '5', '675'),
('107', '3', '135', '1', '8', '1080'),
('107', '3', '225', '2', '8', '3600'),
('107', '3', '275', '1', '5', '675'),
('107', '3', '295', '1', '3', '885'),
('108', '1', '75', '1', '6', '450'),
('108', '1', '95', '3', '6', '1710'),
('109', '2', '135', '4', '6', '3240'),
('110', '0', '0', '0', '0', '0'),
('111', '0', '0', '0', '0', '0'),
('112', '1', '45', '1', '8', '360'),
('112', '1', '95', '1', '5', '475'),
('112', '1', '145', '3', '5', '2175'),
('113', '2', '135', '1', '5', '675'),
('113', '2', '225', '1', '5', '1125'),
('113', '2', '315', '3', '5', '4725'),
('114', '3', '135', '1', '8', '1080'),
('114', '3', '225', '2', '8', '3600'),
('114', '3', '275', '1', '5', '675'),
('114', '3', '315', '1', '2', '630'),
('115', '1', '45', '1', '8', '360'),
('115', '1', '95', '1', '6', '570'),
('115', '1', '115', '3', '6', '2070'),
('116', '2', '135', '4', '6', '3240'),
('117', '0', '0', '0', '0', '0'),
('118', '0', '0', '0', '0', '0'),
('119', '1', '135', '1', '10', '1350'),
('119', '1', '155', '1', '8', '1240'),
('119', '1', '175', '2', '8', '2800'),
('120', '2', '135', '1', '8', '1080'),
('120', '2', '225', '1', '8', '1800'),
('120', '2', '275', '2', '8', '4400'),
('121', '3', '135', '1', '6', '810'),
('121', '3', '225', '2', '6', '2700'),
('121', '3', '275', '2', '6', '3300'),
('122', '1', '45', '1', '8', '360'),
('122', '1', '95', '1', '8', '760'),
('122', '1', '105', '2', '8', '1680'),
('123', '2', '135', '3', '12', '4860'),
('124', '0', '0', '0', '0', '0'),
('125', '0', '0', '0', '0', '0'),
('126', '1', '45', '1', '8', '360'),
('126', '1', '95', '1', '8', '760'),
('126', '1', '115', '2', '8', '1840'),
('127', '2', '135', '1', '8', '1080'),
('127', '2', '225', '1', '8', '1800'),
('127', '2', '275', '2', '8', '4400'),
('128', '3', '135', '1', '6', '810'),
('128', '3', '225', '2', '6', '2700'),
('128', '3', '275', '2', '6', '3300'),
('129', '1', '45', '1', '8', '360'),
('129', '1', '95', '1', '8', '760'),
('129', '1', '105', '2', '8', '1680'),
('130', '2', '135', '3', '12', '4860'),
('130', '0', '0', '0', '0', '0'),
('131', '0', '0', '0', '0', '0'),
('132', '1', '135', '1', '10', '1350'),
('132', '1', '155', '1', '8', '1240'),
('132', '1', '185', '2', '8', '2960'),
('133', '2', '135', '1', '8', '1080'),
('133', '2', '225', '1', '8', '1800'),
('133', '2', '275', '2', '8', '4400'),
('134', '3', '135', '1', '6', '810'),
('134', '3', '225', '2', '6', '2700'),
('134', '3', '275', '2', '6', '3300'),
('135', '1', '45', '1', '8', '360'),
('135', '1', '95', '1', '8', '760'),
('135', '1', '105', '2', '8', '1680'),
('136', '2', '135', '3', '12', '4860'),
('137', '0', '0', '0', '0', '0'),
('138', '0', '0', '0', '0', '0'),
('139', '1', '45', '1', '8', '360'),
('139', '1', '95', '1', '8', '760'),
('139', '1', '135', '2', '8', '2160'),
('140', '2', '135', '1', '8', '1080'),
('140', '2', '225', '1', '8', '1800'),
('140', '2', '275', '2', '8', '4400'),
('141', '3', '135', '1', '6', '810'),
('141', '3', '225', '2', '6', '2700'),
('141', '3', '275', '2', '6', '3300'),
('142', '1', '45', '1', '8', '360'),
('142', '1', '95', '1', '8', '760'),
('142', '1', '105', '2', '8', '1680'),
('143', '2', '135', '3', '12', '4860'),
('144', '0', '0', '0', '0', '0'),
('145', '0', '0', '0', '0', '0'),
('146', '1', '135', '1', '10', '1350'),
('146', '1', '155', '1', '8', '1240'),
('146', '1', '185', '2', '8', '2960'),
('147', '2', '135', '1', '8', '1080'),
('147', '2', '225', '1', '8', '1800'),
('147', '2', '275', '2', '8', '4400'),
('148', '3', '135', '1', '6', '810'),
('148', '3', '225', '2', '6', '2700'),
('148', '3', '275', '2', '6', '3300'),
('149', '1', '45', '1', '8', '360'),
('149', '1', '95', '1', '8', '760'),
('149', '1', '105', '2', '8', '1680'),
('150', '2', '135', '3', '12', '4860'),
('151', '0', '0', '0', '0', '0'),
('152', '0', '0', '0', '0', '0'),
('153', '1', '45', '1', '8', '360'),
('153', '1', '95', '1', '8', '760'),
('153', '1', '135', '2', '8', '2160'),
('154', '2', '135', '1', '8', '1080'),
('154', '2', '225', '1', '8', '1800'),
('154', '2', '275', '2', '8', '4400'),
('155', '3', '135', '1', '6', '810'),
('155', '3', '225', '2', '6', '2700'),
('155', '3', '275', '2', '6', '3300'),
('156', '1', '45', '1', '8', '360'),
('156', '1', '95', '1', '8', '760'),
('156', '1', '105', '2', '8', '1680'),
('157', '2', '135', '3', '12', '4860'),
('158', '0', '0', '0', '0', '0'),
('159', '0', '0', '0', '0', '0'),
('160', '1', '135', '1', '10', '1350'),
('160', '1', '155', '1', '8', '1240'),
('160', '1', '185', '2', '8', '2960'),
('161', '2', '135', '1', '8', '1080'),
('161', '2', '225', '1', '8', '1800'),
('161', '2', '315', '2', '8', '5040'),
('162', '3', '135', '1', '6', '810'),
('162', '3', '225', '2', '6', '2700'),
('162', '3', '275', '2', '6', '3300'),
('163', '1', '45', '1', '8', '360'),
('163', '1', '95', '1', '8', '760'),
('163', '1', '115', '2', '8', '1840'),
('164', '2', '135', '3', '12', '4860'),
('165', '0', '0', '0', '0', '0'),
('166', '0', '0', '0', '0', '0'),
('167', '1', '45', '1', '8', '360'),
('167', '1', '95', '1', '8', '760'),
('167', '1', '135', '2', '8', '2160'),
('168', '2', '135', '1', '8', '1080'),
('168', '2', '225', '1', '8', '1800'),
('168', '2', '315', '2', '8', '5040'),
('169', '3', '135', '1', '6', '810'),
('169', '3', '225', '2', '6', '2700'),
('169', '3', '275', '2', '6', '3300'),
('170', '1', '45', '1', '8', '360'),
('170', '1', '95', '1', '8', '760'),
('170', '1', '115', '2', '8', '1840'),
('171', '2', '135', '3', '12', '4860'),
('172', '0', '0', '0', '0', '0'),
('173', '0', '0', '0', '0', '0'),
('174', '1', '135', '1', '10', '1350'),
('174', '1', '155', '1', '8', '1240'),
('174', '1', '185', '2', '8', '2960'),
('175', '2', '135', '1', '8', '1080'),
('175', '2', '225', '1', '8', '1800'),
('175', '2', '275', '2', '8', '4400'),
('176', '3', '135', '1', '6', '810'),
('176', '3', '225', '2', '6', '2700'),
('176', '3', '315', '2', '6', '3780'),
('177', '1', '45', '1', '8', '360'),
('177', '1', '95', '1', '8', '760'),
('177', '1', '115', '2', '8', '1840'),
('178', '2', '135', '3', '12', '4860'),
('179', '0', '0', '0', '0', '0'),
('180', '0', '0', '0', '0', '0'),
('181', '1', '45', '1', '8', '360'),
('181', '1', '95', '1', '8', '760'),
('181', '1', '135', '2', '8', '2160'),
('182', '2', '135', '1', '8', '1080'),
('182', '2', '225', '1', '8', '1800'),
('182', '2', '315', '2', '8', '5040'),
('183', '3', '135', '1', '6', '810'),
('183', '3', '225', '2', '6', '2700'),
('183', '3', '275', '2', '6', '3300'),
('184', '1', '45', '1', '8', '360'),
('184', '1', '95', '1', '8', '760'),
('184', '1', '115', '2', '8', '1840'),
('185', '2', '135', '3', '12', '4860'),
('186', '0', '0', '0', '0', '0'),
('187', '0', '0', '0', '0', '0'),
('188', '1', '135', '1', '10', '1350'),
('188', '1', '155', '1', '8', '1240'),
('188', '1', '185', '2', '8', '2960'),
('189', '2', '135', '1', '8', '1080'),
('189', '2', '225', '1', '8', '1800'),
('189', '2', '315', '2', '8', '5040'),
('190', '3', '135', '1', '6', '810'),
('190', '3', '225', '2', '6', '2700'),
('190', '3', '275', '2', '6', '3300'),
('191', '1', '45', '1', '8', '360'),
('191', '1', '95', '1', '8', '760'),
('191', '1', '115', '2', '8', '1840'),
('192', '2', '135', '3', '12', '4860'),
('193', '0', '0', '0', '0', '0'),
('193', '0', '0', '0', '0', '0'),
('194', '1', '45', '1', '8', '360'),
('194', '1', '95', '1', '8', '760'),
('194', '1', '135', '2', '8', '2160'),
('195', '2', '135', '1', '8', '1080'),
('195', '2', '225', '1', '8', '1800'),
('195', '2', '315', '2', '8', '5040'),
('196', '3', '135', '1', '6', '810'),
('196', '3', '225', '2', '6', '2700'),
('196', '3', '275', '2', '6', '3300'),
('197', '1', '45', '1', '8', '360'),
('197', '1', '95', '1', '8', '760'),
('197', '1', '115', '2', '8', '1840'),
('198', '2', '135', '2', '12', '3240'),
('198', '2', '155', '2', '8', '2480'),
('199', '0', '0', '0', '0', '0'),
('200', '0', '0', '0', '0', '0'),
('201', '1', '135', '1', '10', '1350'),
('201', '1', '155', '1', '8', '1240'),
('201', '1', '185', '2', '8', '2960'),
('202', '2', '135', '1', '8', '1080'),
('202', '2', '225', '1', '8', '1800'),
('202', '2', '315', '2', '8', '5040'),
('203', '3', '135', '1', '6', '810'),
('203', '3', '225', '2', '6', '2700'),
('203', '3', '275', '2', '6', '3300'),
('204', '1', '45', '1', '8', '360'),
('204', '1', '95', '1', '8', '760'),
('204', '1', '115', '2', '8', '1840'),
('205', '2', '135', '2', '12', '3240'),
('205', '2', '155', '2', '8', '2480'),
('206', '0', '0', '0', '0', '0'),
('207', '0', '0', '0', '0', '0'),
('208', '1', '45', '1', '8', '360'),
('208', '1', '95', '1', '8', '760'),
('208', '1', '135', '2', '8', '2160'),
('209', '2', '135', '1', '8', '1080'),
('209', '2', '225', '1', '8', '1800'),
('209', '2', '315', '2', '8', '5040'),
('210', '3', '135', '1', '6', '810'),
('210', '3', '225', '2', '6', '2700'),
('210', '3', '275', '2', '6', '3300'),
('211', '1', '45', '1', '8', '360'),
('211', '1', '95', '1', '8', '760'),
('211', '1', '115', '2', '8', '1840'),
('212', '2', '135', '2', '12', '3240'),
('212', '2', '175', '2', '8', '2800'),
('213', '0', '0', '0', '0', '0'),
('214', '0', '0', '0', '0', '0'),
('215', '1', '135', '1', '10', '1350'),
('215', '1', '155', '1', '8', '1240'),
('215', '1', '185', '2', '8', '2960'),
('216', '2', '135', '1', '8', '1080'),
('216', '2', '225', '1', '8', '1800'),
('216', '2', '315', '2', '8', '5040'),
('217', '3', '135', '1', '6', '810'),
('217', '3', '225', '2', '6', '2700'),
('217', '3', '275', '2', '6', '3300'),
('218', '1', '45', '1', '8', '360'),
('218', '1', '95', '1', '8', '760'),
('218', '1', '115', '2', '8', '1840'),
('219', '2', '135', '2', '12', '3240'),
('219', '2', '175', '2', '8', '2800'),
('220', '0', '0', '0', '0', '0'),
('221', '0', '0', '0', '0', '0'),
('222', '1', '45', '1', '8', '360'),
('222', '1', '95', '1', '8', '760'),
('222', '1', '135', '2', '8', '2160'),
('223', '2', '135', '1', '8', '1080'),
('223', '2', '225', '1', '8', '1800'),
('223', '2', '315', '2', '8', '5040'),
('224', '3', '135', '1', '6', '810'),
('224', '3', '225', '2', '6', '2700'),
('224', '3', '275', '2', '6', '3300'),
('225', '1', '45', '1', '8', '360'),
('225', '1', '95', '1', '8', '760'),
('225', '1', '115', '2', '8', '1840'),
('226', '2', '135', '2', '12', '3240'),
('226', '2', '155', '2', '8', '2480'),
('227', '0', '0', '0', '0', '0'),
('228', '0', '0', '0', '0', '0'),
('229', '1', '135', '1', '10', '1350'),
('229', '1', '155', '1', '8', '1240'),
('229', '1', '185', '2', '8', '2960'),
('230', '2', '135', '1', '8', '1080'),
('230', '2', '225', '1', '8', '1800'),
('230', '2', '315', '2', '8', '5040'),
('231', '3', '135', '1', '6', '810'),
('231', '3', '225', '2', '6', '2700'),
('231', '3', '275', '2', '6', '3300'),
('232', '1', '45', '1', '8', '360'),
('232', '1', '95', '1', '8', '760'),
('232', '1', '115', '2', '8', '1840'),
('233', '2', '135', '2', '12', '3240'),
('233', '2', '175', '2', '8', '2800'),
('234', '0', '0', '0', '0', '0'),
('235', '0', '0', '0', '0', '0'),
('236', '1', '45', '1', '8', '360'),
('236', '1', '95', '1', '8', '760'),
('236', '1', '135', '2', '8', '2160'),
('237', '2', '135', '1', '8', '1080'),
('237', '2', '225', '1', '8', '1800'),
('237', '2', '315', '2', '8', '5040'),
('238', '3', '135', '1', '6', '810'),
('238', '3', '225', '2', '6', '2700'),
('238', '3', '275', '2', '6', '3300'),
('239', '1', '45', '1', '8', '360'),
('239', '1', '95', '1', '8', '760'),
('239', '1', '115', '2', '8', '1840'),
('240', '2', '135', '2', '12', '3240'),
('240', '2', '175', '2', '8', '2800'),
('241', '0', '0', '0', '0', '0'),
('242', '0', '0', '0', '0', '0'),
('243', '2', '135', '1', '8', '1080'),
('243', '2', '185', '2', '6', '2220'),
('243', '2', '0', '0', '0', '0'),
('243', '3', '45', '1', '8', '360'),
('243', '3', '95', '1', '8', '760'),
('243', '3', '135', '2', '5', '1350'),
('244', '5', '180', '3', '10', '5400'),
('244', '5', '215', '1', '6', '1290'),
('244', '5', '225', '1', '4', '900'),
('244', '4', '135', '1', '5', '675'),
('244', '4', '225', '1', '5', '1125'),
('244', '4', '315', '1', '5', '1575'),
('244', '4', '405', '3', '5', '6075'),
('245', '7', '135', '1', '8', '1080'),
('245', '7', '225', '2', '8', '3600'),
('245', '7', '315', '1', '5', '1575'),
('245', '7', '365', '1', '3', '1095'),
('245', '7', '385', '1', '2', '770'),
('246', '1', '135', '1', '8', '1080'),
('246', '1', '185', '1', '7', '1295'),
('246', '1', '205', '2', '6', '2460'),
('246', '3', '45', '1', '8', '360'),
('246', '3', '95', '1', '8', '760'),
('246', '3', '135', '2', '5', '1350'),
('247', '6', '135', '1', '8', '1080'),
('247', '6', '185', '3', '6', '3330'),
('247', '6', '0', '0', '0', '0'),
('248', '0', '0', '0', '0', '0'),
('249', '0', '0', '0', '0', '0'),
('250', '2', '135', '1', '8', '1080'),
('250', '2', '185', '2', '6', '2220'),
('250', '2', '0', '0', '0', '0'),
('250', '3', '45', '1', '8', '360'),
('250', '3', '95', '1', '8', '760'),
('250', '3', '135', '2', '5', '1350'),
('251', '5', '180', '3', '10', '5400'),
('251', '5', '215', '1', '6', '1290'),
('251', '5', '225', '1', '4', '900'),
('251', '4', '135', '1', '5', '675'),
('251', '4', '225', '1', '5', '1125'),
('251', '4', '315', '1', '5', '1575'),
('251', '4', '405', '3', '5', '6075'),
('252', '7', '135', '1', '8', '1080'),
('252', '7', '225', '2', '8', '3600'),
('252', '7', '315', '1', '5', '1575'),
('252', '7', '365', '1', '3', '1095'),
('252', '7', '385', '1', '2', '770'),
('253', '1', '135', '1', '8', '1080'),
('253', '1', '185', '1', '7', '1295'),
('253', '1', '205', '2', '6', '2460'),
('253', '3', '45', '1', '8', '360'),
('253', '3', '95', '1', '8', '760'),
('253', '3', '135', '2', '5', '1350'),
('254', '6', '135', '1', '8', '1080'),
('254', '6', '185', '3', '7', '3885'),
('254', '6', '0', '0', '0', '0'),
('255', '0', '0', '0', '0', '0'),
('256', '0', '0', '0', '0', '0'),
('257', '2', '135', '1', '8', '1080'),
('257', '2', '185', '2', '6', '2220'),
('257', '2', '0', '0', '0', '0'),
('257', '3', '45', '1', '8', '360'),
('257', '3', '95', '1', '8', '760'),
('257', '3', '135', '2', '5', '1350'),
('258', '5', '180', '3', '10', '5400'),
('258', '5', '215', '1', '6', '1290'),
('258', '5', '225', '1', '4', '900'),
('258', '4', '135', '1', '5', '675'),
('258', '4', '225', '1', '5', '1125'),
('258', '4', '315', '1', '5', '1575'),
('258', '4', '405', '3', '5', '6075'),
('259', '7', '135', '1', '8', '1080'),
('259', '7', '225', '2', '8', '3600'),
('259', '7', '315', '1', '5', '1575'),
('259', '7', '365', '1', '3', '1095'),
('259', '7', '385', '1', '2', '770'),
('260', '1', '135', '1', '8', '1080'),
('260', '1', '185', '1', '7', '1295'),
('260', '1', '205', '2', '6', '2460'),
('260', '3', '45', '1', '8', '360'),
('260', '3', '95', '1', '8', '760'),
('260', '3', '135', '2', '5', '1350'),
('261', '6', '135', '1', '8', '1080'),
('261', '6', '185', '1', '8', '1480'),
('261', '6', '195', '2', '6', '2340'),
('262', '0', '0', '0', '0', '0'),
('263', '0', '0', '0', '0', '0'),
('264', '2', '135', '1', '8', '1080'),
('264', '2', '185', '2', '6', '2220'),
('264', '2', '0', '0', '0', '0'),
('264', '3', '45', '1', '8', '360'),
('264', '3', '95', '1', '8', '760'),
('264', '3', '135', '2', '5', '1350'),
('265', '5', '180', '3', '10', '5400'),
('265', '5', '215', '1', '6', '1290'),
('265', '5', '225', '1', '4', '900'),
('265', '4', '135', '1', '5', '675'),
('265', '4', '225', '1', '5', '1125'),
('265', '4', '315', '1', '5', '1575'),
('265', '4', '405', '3', '5', '6075'),
('266', '7', '135', '1', '8', '1080'),
('266', '7', '225', '2', '8', '3600'),
('266', '7', '315', '1', '5', '1575'),
('266', '7', '365', '1', '3', '1095'),
('266', '7', '385', '1', '2', '770'),
('267', '1', '135', '1', '8', '1080'),
('267', '1', '185', '1', '7', '1295'),
('267', '1', '205', '2', '6', '2460'),
('267', '3', '45', '1', '8', '360'),
('267', '3', '95', '1', '8', '760'),
('267', '3', '135', '2', '5', '1350'),
('268', '6', '135', '1', '8', '1080'),
('268', '6', '185', '1', '8', '1480'),
('268', '6', '195', '2', '6', '2340'),
('269', '0', '0', '0', '0', '0'),
('270', '0', '0', '0', '0', '0'),
('271', '2', '135', '1', '8', '1080'),
('271', '2', '185', '2', '6', '2220'),
('271', '2', '0', '0', '0', '0'),
('271', '3', '45', '1', '8', '360'),
('271', '3', '95', '1', '8', '760'),
('271', '3', '135', '2', '6', '1620'),
('272', '5', '180', '3', '10', '5400'),
('272', '5', '215', '1', '6', '1290'),
('272', '4', '135', '1', '5', '675'),
('272', '4', '225', '1', '5', '1125'),
('272', '4', '315', '1', '5', '1575'),
('272', '4', '405', '3', '5', '6075'),
('273', '7', '135', '1', '8', '1080'),
('273', '7', '225', '2', '8', '3600'),
('273', '7', '315', '1', '5', '1575'),
('273', '7', '365', '1', '3', '1095'),
('273', '7', '385', '1', '2', '770'),
('274', '1', '135', '1', '8', '1080'),
('274', '1', '185', '1', '7', '1295'),
('274', '1', '205', '2', '6', '2460'),
('274', '3', '45', '1', '8', '360'),
('274', '3', '95', '1', '8', '760'),
('274', '3', '135', '2', '6', '1620'),
('275', '6', '135', '1', '8', '1080'),
('275', '6', '185', '1', '8', '1480'),
('275', '6', '205', '2', '6', '2460'),
('276', '7', '135', '1', '8', '1080'),
('276', '7', '225', '2', '8', '3600'),
('276', '7', '315', '2', '5', '3150'),
('276', '7', '0', '0', '0', '0'),
('276', '7', '0', '0', '0', '0'),
('277', '0', '0', '0', '0', '0'),
('278', '2', '135', '1', '8', '1080'),
('278', '2', '185', '2', '6', '2220'),
('278', '2', '0', '0', '0', '0'),
('278', '3', '45', '1', '8', '360'),
('278', '3', '95', '1', '8', '760'),
('278', '3', '135', '2', '6', '1620'),
('279', '5', '180', '3', '10', '5400'),
('279', '5', '215', '1', '6', '1290'),
('279', '5', '225', '1', '4', '900'),
('279', '4', '135', '1', '5', '675'),
('279', '4', '225', '1', '5', '1125'),
('279', '4', '315', '1', '5', '1575'),
('279', '4', '405', '3', '5', '6075'),
('280', '7', '135', '1', '8', '1080'),
('280', '7', '225', '2', '8', '3600'),
('280', '7', '315', '1', '5', '1575'),
('280', '7', '365', '1', '3', '1095'),
('280', '7', '385', '1', '2', '770'),
('281', '1', '135', '1', '8', '1080'),
('281', '1', '185', '1', '7', '1295'),
('281', '1', '205', '2', '6', '2460'),
('281', '3', '45', '1', '8', '360'),
('281', '3', '95', '1', '8', '760'),
('281', '3', '135', '2', '6', '1620'),
('282', '6', '135', '1', '8', '1080'),
('282', '6', '185', '1', '8', '1480'),
('282', '6', '205', '2', '6', '2460'),
('283', '7', '135', '1', '8', '1080'),
('283', '7', '225', '2', '8', '3600'),
('283', '7', '315', '2', '5', '3150'),
('283', '7', '0', '0', '0', '0'),
('283', '7', '0', '0', '0', '0'),
('284', '0', '0', '0', '0', '0'),
('285', '2', '135', '1', '8', '1080'),
('285', '2', '185', '2', '5', '1850'),
('285', '2', '195', '2', '3', '1170'),
('285', '3', '45', '1', '8', '360'),
('285', '3', '95', '1', '8', '760'),
('285', '3', '135', '2', '6', '1620'),
('286', '5', '180', '3', '10', '5400'),
('286', '5', '215', '1', '6', '1290'),
('286', '5', '225', '1', '4', '900'),
('286', '4', '135', '1', '5', '675'),
('286', '4', '225', '1', '5', '1125'),
('286', '4', '315', '1', '5', '1575'),
('286', '4', '405', '3', '5', '6075'),
('287', '7', '135', '1', '8', '1080'),
('287', '7', '225', '2', '8', '3600'),
('287', '7', '315', '1', '5', '1575'),
('287', '7', '365', '1', '3', '1095'),
('287', '7', '385', '1', '2', '770'),
('288', '1', '135', '1', '8', '1080'),
('288', '1', '185', '1', '7', '1295'),
('288', '1', '205', '2', '6', '2460'),
('288', '3', '45', '1', '8', '360'),
('288', '3', '95', '1', '8', '760'),
('288', '3', '135', '2', '6', '1620'),
('289', '6', '135', '1', '8', '1080'),
('289', '6', '185', '1', '8', '1480'),
('289', '6', '205', '2', '6', '2460'),
('290', '7', '135', '1', '8', '1080'),
('290', '7', '225', '2', '8', '3600'),
('290', '7', '315', '2', '5', '3150'),
('290', '7', '0', '0', '0', '0'),
('290', '7', '0', '0', '0', '0'),
('291', '0', '0', '0', '0', '0'),
('292', '2', '135', '1', '8', '1080'),
('292', '2', '185', '2', '5', '1850'),
('292', '2', '195', '2', '3', '1170'),
('292', '3', '95', '1', '8', '760'),
('292', '3', '135', '1', '6', '810'),
('292', '3', '145', '2', '3', '870'),
('293', '5', '180', '3', '10', '5400'),
('293', '5', '215', '1', '6', '1290'),
('293', '5', '225', '1', '4', '900'),
('293', '4', '135', '1', '5', '675'),
('293', '4', '225', '1', '5', '1125'),
('293', '4', '315', '1', '5', '1575'),
('293', '4', '405', '3', '5', '6075'),
('294', '7', '135', '1', '8', '1080'),
('294', '7', '225', '2', '8', '3600'),
('294', '7', '315', '1', '5', '1575'),
('294', '7', '365', '1', '3', '1095'),
('294', '7', '385', '1', '3', '1155'),
('295', '1', '135', '1', '8', '1080'),
('295', '1', '185', '1', '7', '1295'),
('295', '1', '205', '2', '6', '2460'),
('295', '3', '95', '1', '8', '760'),
('295', '3', '135', '1', '6', '810'),
('295', '3', '145', '2', '3', '870'),
('296', '6', '135', '1', '8', '1080'),
('296', '6', '185', '1', '8', '1480'),
('296', '6', '205', '2', '6', '2460'),
('297', '7', '135', '1', '8', '1080'),
('297', '7', '225', '2', '8', '3600'),
('297', '7', '315', '2', '5', '3150'),
('297', '7', '0', '0', '0', '0'),
('297', '7', '0', '0', '0', '0'),
('298', '0', '0', '0', '0', '0'),
('299', '2', '135', '1', '8', '1080'),
('299', '2', '185', '2', '6', '2220'),
('299', '2', '195', '2', '4', '1560'),
('299', '3', '95', '1', '8', '760'),
('299', '3', '135', '1', '6', '810'),
('299', '3', '145', '2', '3', '870'),
('300', '5', '180', '3', '10', '5400'),
('300', '5', '215', '1', '6', '1290'),
('300', '5', '225', '1', '4', '900'),
('300', '4', '135', '1', '5', '675'),
('300', '4', '225', '1', '5', '1125'),
('300', '4', '315', '1', '5', '1575'),
('300', '4', '405', '3', '5', '6075'),
('301', '7', '135', '1', '8', '1080'),
('301', '7', '225', '2', '8', '3600'),
('301', '7', '315', '1', '5', '1575'),
('301', '7', '365', '1', '3', '1095'),
('301', '7', '405', '1', '2', '810'),
('302', '1', '135', '1', '8', '1080'),
('302', '1', '185', '1', '7', '1295'),
('302', '1', '205', '2', '6', '2460'),
('302', '3', '95', '1', '8', '760'),
('302', '3', '135', '1', '6', '810'),
('302', '3', '145', '2', '3', '870'),
('303', '6', '135', '1', '8', '1080'),
('303', '6', '185', '1', '8', '1480'),
('303', '6', '225', '2', '6', '2700'),
('304', '7', '135', '1', '8', '1080'),
('304', '7', '225', '2', '8', '3600'),
('304', '7', '315', '2', '6', '3780'),
('304', '7', '0', '0', '0', '0'),
('304', '7', '0', '0', '0', '0'),
('305', '0', '0', '0', '0', '0'),
('306', '2', '135', '1', '8', '1080'),
('306', '2', '185', '2', '6', '2220'),
('306', '2', '195', '2', '4', '1560'),
('306', '3', '95', '1', '8', '760'),
('306', '3', '135', '1', '6', '810'),
('306', '3', '145', '2', '3', '870'),
('307', '5', '180', '3', '10', '5400'),
('307', '5', '215', '1', '6', '1290'),
('307', '5', '225', '1', '4', '900'),
('307', '4', '135', '1', '5', '675'),
('307', '4', '225', '1', '5', '1125'),
('307', '4', '315', '1', '5', '1575'),
('307', '4', '405', '3', '5', '6075'),
('308', '7', '135', '1', '8', '1080'),
('308', '7', '225', '2', '8', '3600'),
('308', '7', '315', '1', '5', '1575'),
('308', '7', '365', '1', '3', '1095'),
('308', '7', '405', '1', '2', '810'),
('309', '1', '135', '1', '8', '1080'),
('309', '1', '185', '1', '7', '1295'),
('309', '1', '205', '2', '6', '2460'),
('309', '3', '45', '1', '8', '360'),
('309', '3', '95', '1', '8', '760'),
('309', '3', '115', '2', '7', '1610'),
('310', '6', '135', '1', '8', '1080'),
('310', '6', '185', '1', '8', '1480'),
('310', '6', '225', '2', '6', '2700'),
('311', '7', '135', '1', '8', '1080'),
('311', '7', '225', '2', '8', '3600'),
('311', '7', '315', '2', '6', '3780'),
('311', '7', '0', '0', '0', '0'),
('311', '7', '0', '0', '0', '0'),
('312', '0', '0', '0', '0', '0'),
('313', '2', '135', '1', '8', '1080'),
('313', '2', '185', '2', '6', '2220'),
('313', '2', '195', '2', '5', '1950'),
('313', '3', '95', '1', '8', '760'),
('313', '3', '135', '1', '6', '810'),
('313', '3', '145', '2', '3', '870'),
('314', '5', '180', '3', '10', '5400'),
('314', '5', '215', '1', '6', '1290'),
('314', '5', '225', '1', '4', '900'),
('314', '4', '135', '1', '5', '675'),
('314', '4', '225', '1', '5', '1125'),
('314', '4', '315', '1', '5', '1575'),
('314', '4', '405', '3', '5', '6075'),
('315', '7', '135', '1', '8', '1080'),
('315', '7', '225', '2', '8', '3600'),
('315', '7', '315', '1', '5', '1575'),
('315', '7', '365', '1', '3', '1095'),
('315', '7', '405', '1', '2', '810'),
('316', '1', '135', '1', '8', '1080'),
('316', '1', '185', '1', '7', '1295'),
('316', '1', '205', '2', '6', '2460'),
('316', '3', '95', '1', '8', '760'),
('316', '3', '135', '1', '6', '810'),
('316', '3', '145', '2', '3', '870'),
('317', '6', '135', '1', '8', '1080'),
('317', '6', '185', '1', '8', '1480'),
('317', '6', '225', '2', '6', '2700'),
('318', '7', '135', '1', '8', '1080'),
('318', '7', '225', '2', '8', '3600'),
('318', '7', '315', '2', '6', '3780'),
('318', '7', '0', '0', '0', '0'),
('318', '7', '0', '0', '0', '0'),
('319', '0', '0', '0', '0', '0'),
('320', '2', '135', '1', '8', '1080'),
('320', '2', '185', '2', '6', '2220'),
('320', '2', '205', '2', '5', '2050'),
('320', '3', '95', '1', '8', '760'),
('320', '3', '135', '1', '6', '810'),
('320', '3', '145', '2', '3', '870'),
('321', '5', '180', '3', '10', '5400'),
('321', '5', '215', '1', '6', '1290'),
('321', '5', '225', '1', '4', '900'),
('321', '4', '135', '1', '5', '675'),
('321', '4', '225', '1', '5', '1125'),
('321', '4', '315', '1', '5', '1575'),
('321', '4', '405', '3', '5', '6075'),
('322', '7', '135', '1', '8', '1080'),
('322', '7', '225', '2', '8', '3600'),
('322', '7', '315', '1', '5', '1575'),
('322', '7', '365', '1', '4', '1460'),
('322', '7', '405', '1', '2', '810'),
('323', '1', '135', '1', '8', '1080'),
('323', '1', '185', '1', '7', '1295'),
('323', '1', '205', '2', '7', '2870'),
('323', '3', '95', '1', '8', '760'),
('323', '3', '135', '1', '6', '810'),
('323', '3', '145', '2', '3', '870'),
('324', '6', '135', '1', '8', '1080'),
('324', '6', '185', '1', '8', '1480'),
('324', '6', '225', '2', '6', '2700'),
('325', '7', '135', '1', '8', '1080'),
('325', '7', '225', '2', '8', '3600'),
('325', '7', '315', '2', '6', '3780'),
('325', '7', '0', '0', '0', '0'),
('325', '7', '0', '0', '0', '0'),
('326', '0', '0', '0', '0', '0'),
('327', '2', '135', '1', '8', '1080'),
('327', '2', '185', '1', '6', '1110'),
('327', '2', '205', '2', '5', '2050'),
('327', '3', '95', '1', '8', '760'),
('327', '3', '135', '1', '6', '810'),
('327', '3', '145', '2', '3', '870'),
('328', '5', '180', '3', '10', '5400'),
('328', '5', '215', '1', '6', '1290'),
('328', '5', '225', '1', '4', '900'),
('328', '4', '135', '1', '5', '675'),
('328', '4', '225', '1', '5', '1125'),
('328', '4', '315', '1', '5', '1575'),
('328', '4', '405', '3', '5', '6075'),
('329', '7', '135', '1', '8', '1080'),
('329', '7', '225', '2', '8', '3600'),
('329', '7', '315', '1', '5', '1575'),
('329', '7', '365', '1', '4', '1460'),
('329', '7', '405', '1', '2', '810'),
('330', '1', '135', '1', '8', '1080'),
('330', '1', '185', '1', '7', '1295'),
('330', '1', '225', '2', '4', '1800'),
('330', '3', '95', '1', '8', '760'),
('330', '3', '135', '1', '6', '810'),
('330', '3', '145', '2', '3', '870'),
('331', '6', '135', '1', '8', '1080'),
('331', '6', '185', '1', '8', '1480'),
('331', '6', '225', '2', '6', '2700'),
('332', '7', '135', '1', '8', '1080'),
('332', '7', '225', '2', '8', '3600'),
('332', '7', '315', '2', '6', '3780'),
('332', '7', '0', '0', '0', '0'),
('332', '7', '0', '0', '0', '0'),
('333', '0', '0', '0', '0', '0'),
('334', '2', '135', '1', '8', '1080'),
('334', '2', '185', '1', '6', '1110'),
('334', '2', '205', '2', '5', '2050'),
('334', '3', '95', '1', '8', '760'),
('334', '3', '135', '1', '6', '810'),
('334', '3', '145', '2', '4', '1160'),
('335', '5', '180', '3', '10', '5400'),
('335', '5', '215', '1', '6', '1290'),
('335', '5', '225', '1', '4', '900'),
('335', '4', '135', '1', '5', '675'),
('335', '4', '225', '1', '5', '1125'),
('335', '4', '315', '1', '5', '1575'),
('335', '4', '405', '3', '5', '6075'),
('336', '7', '135', '1', '8', '1080'),
('336', '7', '225', '2', '8', '3600'),
('336', '7', '315', '1', '5', '1575'),
('336', '7', '365', '1', '4', '1460'),
('336', '7', '405', '1', '2', '810'),
('337', '1', '135', '1', '8', '1080'),
('337', '1', '185', '1', '7', '1295'),
('337', '1', '225', '2', '4', '1800'),
('337', '3', '95', '1', '8', '760'),
('337', '3', '135', '1', '6', '810'),
('337', '3', '145', '2', '4', '1160'),
('338', '6', '135', '1', '8', '1080'),
('338', '6', '185', '1', '8', '1480'),
('338', '6', '225', '2', '6', '2700'),
('339', '7', '135', '1', '8', '1080'),
('339', '7', '225', '2', '8', '3600'),
('339', '7', '315', '2', '6', '3780'),
('339', '7', '0', '0', '0', '0'),
('339', '7', '0', '0', '0', '0'),
('340', '0', '0', '0', '0', '0'),
('341', '2', '135', '1', '8', '1080'),
('341', '2', '185', '1', '7', '1295'),
('341', '2', '205', '2', '5', '2050'),
('341', '3', '95', '1', '8', '760'),
('341', '3', '135', '1', '6', '810'),
('341', '3', '145', '2', '4', '1160'),
('342', '5', '180', '3', '10', '5400'),
('342', '5', '215', '1', '6', '1290'),
('342', '5', '225', '1', '4', '900'),
('342', '4', '135', '1', '5', '675'),
('342', '4', '225', '1', '5', '1125'),
('342', '4', '315', '1', '5', '1575'),
('342', '4', '405', '3', '5', '6075'),
('343', '7', '135', '1', '8', '1080'),
('343', '7', '225', '2', '8', '3600'),
('343', '7', '315', '1', '5', '1575'),
('343', '7', '365', '1', '4', '1460'),
('343', '7', '405', '1', '2', '810'),
('344', '1', '135', '1', '8', '1080'),
('344', '1', '185', '1', '7', '1295'),
('344', '1', '225', '2', '5', '2250'),
('344', '3', '95', '1', '8', '760'),
('344', '3', '135', '1', '5', '675'),
('344', '3', '145', '2', '5', '1450'),
('345', '6', '135', '1', '8', '1080'),
('345', '6', '185', '1', '8', '1480'),
('345', '6', '225', '2', '6', '2700'),
('346', '7', '135', '1', '8', '1080'),
('346', '7', '225', '2', '8', '3600'),
('346', '7', '315', '2', '7', '4410'),
('346', '7', '0', '0', '0', '0'),
('346', '7', '0', '0', '0', '0'),
('347', '0', '0', '0', '0', '0'),
('348', '2', '135', '1', '8', '1080'),
('348', '2', '185', '1', '7', '1295'),
('348', '2', '205', '2', '5', '2050'),
('348', '3', '95', '1', '8', '760'),
('348', '3', '135', '1', '5', '675'),
('348', '3', '145', '2', '5', '1450'),
('349', '5', '180', '3', '10', '5400'),
('349', '5', '215', '1', '6', '1290'),
('349', '5', '225', '1', '4', '900'),
('349', '4', '0', '0', '0', '0'),
('349', '4', '0', '0', '0', '0'),
('349', '4', '0', '0', '0', '0'),
('350', '7', '135', '1', '8', '1080'),
('350', '7', '225', '2', '8', '3600'),
('350', '7', '315', '1', '5', '1575'),
('350', '7', '365', '1', '4', '1460'),
('350', '7', '405', '1', '2', '810'),
('351', '1', '135', '1', '8', '1080'),
('351', '1', '185', '1', '7', '1295'),
('351', '1', '225', '2', '5', '2250'),
('351', '3', '95', '1', '8', '760'),
('351', '3', '135', '1', '5', '675'),
('351', '3', '145', '2', '5', '1450'),
('352', '6', '135', '1', '8', '1080'),
('352', '6', '185', '1', '8', '1480'),
('352', '6', '225', '2', '7', '3150'),
('353', '7', '135', '1', '8', '1080'),
('353', '7', '225', '2', '8', '3600'),
('353', '7', '315', '2', '7', '4410'),
('353', '7', '0', '0', '0', '0'),
('353', '7', '0', '0', '0', '0'),
('354', '0', '0', '0', '0', '0'),
('355', '2', '135', '1', '8', '1080'),
('355', '2', '185', '1', '7', '1295'),
('355', '2', '205', '2', '5', '2050'),
('355', '3', '95', '1', '8', '760'),
('355', '3', '135', '1', '5', '675'),
('355', '3', '145', '2', '5', '1450'),
('356', '5', '180', '3', '10', '5400'),
('356', '5', '215', '1', '6', '1290'),
('356', '5', '225', '1', '5', '1125'),
('356', '4', '0', '0', '0', '0'),
('356', '4', '0', '0', '0', '0'),
('356', '4', '0', '0', '0', '0'),
('357', '7', '135', '1', '8', '1080'),
('357', '7', '225', '2', '8', '3600'),
('357', '7', '315', '1', '5', '1575'),
('357', '7', '365', '1', '4', '1460'),
('357', '7', '405', '1', '3', '1215'),
('358', '1', '135', '1', '8', '1080'),
('358', '1', '185', '1', '7', '1295'),
('358', '1', '225', '2', '6', '2700'),
('358', '3', '95', '1', '8', '760'),
('358', '3', '135', '1', '5', '675'),
('358', '3', '145', '2', '5', '1450'),
('359', '6', '135', '1', '8', '1080'),
('359', '6', '185', '1', '8', '1480'),
('359', '6', '225', '2', '7', '3150'),
('360', '7', '135', '1', '8', '1080'),
('360', '7', '225', '2', '8', '3600'),
('360', '7', '315', '2', '7', '4410'),
('360', '7', '0', '0', '0', '0'),
('360', '7', '0', '0', '0', '0'),
('361', '0', '0', '0', '0', '0'),
('362', '2', '135', '1', '8', '1080'),
('362', '2', '185', '1', '6', '1110'),
('362', '2', '205', '2', '6', '2460'),
('362', '3', '95', '1', '8', '760'),
('362', '3', '135', '1', '5', '675'),
('362', '3', '145', '2', '5', '1450'),
('363', '5', '180', '3', '10', '5400'),
('363', '5', '215', '1', '8', '1720'),
('363', '5', '225', '1', '6', '1350'),
('363', '4', '0', '0', '0', '0'),
('363', '4', '0', '0', '0', '0'),
('363', '4', '0', '0', '0', '0'),
('364', '7', '135', '1', '8', '1080'),
('364', '7', '225', '2', '8', '3600'),
('364', '7', '315', '1', '5', '1575'),
('364', '7', '365', '1', '4', '1460'),
('364', '7', '405', '1', '3', '1215'),
('365', '1', '135', '1', '8', '1080'),
('365', '1', '185', '1', '7', '1295'),
('365', '1', '225', '2', '6', '2700'),
('365', '3', '95', '1', '8', '760'),
('365', '3', '135', '1', '5', '675'),
('365', '3', '145', '2', '5', '1450'),
('366', '6', '135', '1', '8', '1080'),
('366', '6', '185', '1', '8', '1480'),
('366', '6', '245', '2', '6', '2940'),
('367', '7', '135', '1', '8', '1080'),
('367', '7', '225', '2', '8', '3600'),
('367', '7', '315', '2', '7', '4410'),
('367', '7', '0', '0', '0', '0'),
('367', '7', '0', '0', '0', '0'),
('368', '0', '0', '0', '0', '0'),
('369', '2', '135', '1', '8', '1080'),
('369', '2', '155', '1', '8', '1240'),
('369', '2', '185', '3', '8', '4440'),
('369', '3', '45', '1', '8', '360'),
('369', '3', '95', '1', '8', '760'),
('369', '3', '135', '3', '8', '3240'),
('370', '5', '180', '5', '12', '10800'),
('370', '5', '0', '0', '0', '0'),
('370', '5', '0', '0', '0', '0'),
('370', '4', '0', '0', '0', '0'),
('370', '4', '0', '0', '0', '0'),
('370', '4', '0', '0', '0', '0'),
('371', '7', '135', '1', '8', '1080'),
('371', '7', '225', '2', '8', '3600'),
('371', '7', '315', '2', '5', '3150'),
('371', '7', '365', '2', '4', '2920'),
('372', '1', '135', '1', '8', '1080'),
('372', '1', '185', '1', '7', '1295'),
('372', '1', '225', '2', '7', '3150'),
('372', '3', '45', '1', '8', '360'),
('372', '3', '95', '1', '8', '760'),
('372', '3', '135', '3', '8', '3240'),
('373', '6', '135', '1', '8', '1080'),
('373', '6', '225', '3', '8', '5400'),
('373', '6', '0', '0', '0', '0'),
('374', '0', '0', '0', '0', '0'),
('375', '0', '0', '0', '0', '0'),
('376', '2', '135', '1', '8', '1080'),
('376', '2', '155', '1', '8', '1240'),
('376', '2', '185', '3', '8', '4440'),
('376', '3', '45', '1', '8', '360'),
('376', '3', '95', '1', '8', '760'),
('376', '3', '135', '3', '8', '3240'),
('377', '5', '180', '5', '12', '10800'),
('377', '5', '0', '0', '0', '0'),
('377', '5', '0', '0', '0', '0'),
('377', '4', '0', '0', '0', '0'),
('377', '4', '0', '0', '0', '0'),
('377', '4', '0', '0', '0', '0'),
('378', '7', '135', '1', '8', '1080'),
('378', '7', '225', '2', '8', '3600'),
('378', '7', '315', '2', '5', '3150'),
('378', '7', '365', '2', '4', '2920'),
('379', '1', '135', '1', '8', '1080'),
('379', '1', '185', '1', '7', '1295'),
('379', '1', '225', '2', '7', '3150'),
('379', '3', '45', '1', '8', '360'),
('379', '3', '95', '1', '8', '760'),
('379', '3', '135', '3', '8', '3240'),
('380', '6', '135', '1', '8', '1080'),
('380', '6', '225', '3', '8', '5400'),
('380', '6', '0', '0', '0', '0'),
('381', '0', '0', '0', '0', '0'),
('382', '0', '0', '0', '0', '0'),
('383', '2', '135', '1', '8', '1080'),
('383', '2', '155', '1', '8', '1240'),
('383', '2', '185', '3', '8', '4440'),
('383', '3', '45', '1', '8', '360'),
('383', '3', '95', '1', '8', '760'),
('383', '3', '135', '3', '8', '3240'),
('384', '5', '180', '5', '12', '10800'),
('384', '5', '0', '0', '0', '0'),
('384', '5', '0', '0', '0', '0'),
('384', '4', '0', '0', '0', '0'),
('384', '4', '0', '0', '0', '0'),
('384', '4', '0', '0', '0', '0'),
('385', '7', '135', '1', '8', '1080'),
('385', '7', '225', '2', '8', '3600'),
('385', '7', '315', '2', '5', '3150'),
('385', '7', '365', '2', '4', '2920'),
('386', '1', '135', '1', '8', '1080'),
('386', '1', '185', '1', '7', '1295'),
('386', '1', '225', '2', '7', '3150'),
('386', '3', '45', '1', '8', '360'),
('386', '3', '95', '1', '8', '760'),
('386', '3', '135', '3', '8', '3240'),
('387', '6', '135', '1', '8', '1080'),
('387', '6', '225', '3', '8', '5400'),
('387', '6', '0', '0', '0', '0'),
('388', '0', '0', '0', '0', '0'),
('389', '0', '0', '0', '0', '0'),
('390', '2', '135', '1', '8', '1080'),
('390', '2', '155', '1', '8', '1240'),
('390', '2', '185', '3', '8', '4440'),
('390', '3', '45', '1', '8', '360'),
('390', '3', '95', '1', '8', '760'),
('390', '3', '135', '3', '8', '3240'),
('391', '5', '180', '5', '12', '10800'),
('391', '5', '0', '0', '0', '0'),
('391', '5', '0', '0', '0', '0'),
('391', '4', '0', '0', '0', '0'),
('391', '4', '0', '0', '0', '0'),
('391', '4', '0', '0', '0', '0'),
('392', '7', '135', '1', '8', '1080'),
('392', '7', '225', '2', '8', '3600'),
('392', '7', '315', '1', '5', '1575'),
('392', '7', '365', '1', '4', '1460'),
('393', '1', '135', '1', '8', '1080'),
('393', '1', '185', '1', '8', '1480'),
('393', '1', '225', '2', '8', '3600'),
('393', '3', '45', '1', '8', '360'),
('393', '3', '95', '1', '8', '760'),
('393', '3', '135', '3', '8', '3240'),
('394', '6', '135', '1', '8', '1080'),
('394', '6', '225', '3', '8', '5400'),
('394', '6', '0', '0', '0', '0'),
('395', '0', '0', '0', '0', '0'),
('396', '0', '0', '0', '0', '0'),
('397', '2', '135', '1', '8', '1080'),
('397', '2', '155', '1', '8', '1240'),
('397', '2', '185', '3', '8', '4440'),
('397', '3', '45', '1', '8', '360'),
('397', '3', '95', '1', '8', '760'),
('397', '3', '135', '3', '8', '3240'),
('398', '5', '180', '5', '12', '10800'),
('398', '5', '0', '0', '0', '0'),
('398', '5', '0', '0', '0', '0'),
('398', '4', '0', '0', '0', '0'),
('398', '4', '0', '0', '0', '0'),
('398', '4', '0', '0', '0', '0'),
('399', '7', '135', '1', '8', '1080'),
('399', '7', '225', '2', '8', '3600'),
('399', '7', '315', '2', '5', '3150'),
('399', '7', '365', '2', '5', '3650'),
('400', '1', '135', '1', '8', '1080'),
('400', '1', '185', '1', '8', '1480'),
('400', '1', '225', '2', '8', '3600'),
('400', '3', '45', '1', '8', '360'),
('400', '3', '95', '1', '8', '760'),
('400', '3', '135', '3', '8', '3240'),
('401', '6', '135', '1', '8', '1080'),
('401', '6', '225', '3', '8', '5400'),
('401', '6', '0', '0', '0', '0'),
('402', '0', '0', '0', '0', '0'),
('403', '0', '0', '0', '0', '0'),
('404', '2', '135', '1', '8', '1080'),
('404', '2', '155', '1', '8', '1240'),
('404', '2', '185', '3', '8', '4440'),
('404', '3', '45', '1', '8', '360'),
('404', '3', '95', '1', '8', '760'),
('404', '3', '135', '3', '8', '3240'),
('405', '5', '180', '5', '12', '10800'),
('405', '5', '0', '0', '0', '0'),
('405', '5', '0', '0', '0', '0'),
('405', '4', '0', '0', '0', '0'),
('405', '4', '0', '0', '0', '0'),
('405', '4', '0', '0', '0', '0'),
('406', '7', '135', '1', '8', '1080'),
('406', '7', '225', '2', '8', '3600'),
('406', '7', '315', '2', '5', '3150'),
('406', '7', '365', '2', '5', '3650'),
('407', '1', '135', '1', '8', '1080'),
('407', '1', '185', '1', '8', '1480'),
('407', '1', '225', '2', '8', '3600'),
('407', '3', '45', '1', '8', '360'),
('407', '3', '95', '1', '8', '760'),
('407', '3', '135', '3', '8', '3240'),
('408', '6', '135', '1', '8', '1080'),
('408', '6', '225', '3', '8', '5400'),
('408', '6', '0', '0', '0', '0'),
('409', '0', '0', '0', '0', '0'),
('410', '0', '0', '0', '0', '0'),
('411', '2', '135', '1', '8', '1080'),
('411', '2', '155', '1', '8', '1240'),
('411', '2', '185', '3', '8', '4440'),
('411', '3', '45', '1', '8', '360'),
('411', '3', '95', '1', '8', '760'),
('411', '3', '135', '3', '8', '3240'),
('412', '5', '180', '5', '12', '10800'),
('412', '5', '0', '0', '0', '0'),
('412', '5', '0', '0', '0', '0'),
('412', '4', '0', '0', '0', '0'),
('412', '4', '0', '0', '0', '0'),
('412', '4', '0', '0', '0', '0'),
('413', '7', '135', '1', '8', '1080'),
('413', '7', '225', '2', '8', '3600'),
('413', '7', '315', '2', '5', '3150'),
('413', '7', '365', '2', '5', '3650'),
('414', '1', '135', '1', '8', '1080'),
('414', '1', '185', '1', '8', '1480'),
('414', '1', '225', '2', '8', '3600'),
('414', '3', '45', '1', '8', '360'),
('414', '3', '95', '1', '8', '760'),
('414', '3', '135', '3', '8', '3240'),
('415', '6', '135', '1', '8', '1080'),
('415', '6', '225', '3', '8', '5400'),
('415', '6', '0', '0', '0', '0'),
('416', '0', '0', '0', '0', '0'),
('417', '0', '0', '0', '0', '0'),
('418', '2', '135', '1', '8', '1080'),
('418', '2', '155', '1', '8', '1240'),
('418', '2', '185', '3', '8', '4440'),
('418', '3', '45', '1', '8', '360'),
('418', '3', '95', '1', '8', '760'),
('418', '3', '135', '3', '8', '3240'),
('419', '5', '180', '5', '12', '10800'),
('419', '5', '0', '0', '0', '0'),
('419', '5', '0', '0', '0', '0'),
('419', '4', '0', '0', '0', '0'),
('419', '4', '0', '0', '0', '0'),
('419', '4', '0', '0', '0', '0'),
('420', '7', '135', '1', '8', '1080'),
('420', '7', '225', '2', '8', '3600'),
('420', '7', '315', '2', '5', '3150'),
('420', '7', '365', '2', '5', '3650'),
('421', '1', '135', '1', '8', '1080'),
('421', '1', '185', '1', '8', '1480'),
('421', '1', '225', '2', '8', '3600'),
('421', '3', '45', '1', '8', '360'),
('421', '3', '95', '1', '8', '760'),
('421', '3', '135', '3', '8', '3240'),
('422', '6', '135', '1', '8', '1080'),
('422', '6', '225', '3', '8', '5400'),
('422', '6', '0', '0', '0', '0'),
('423', '0', '0', '0', '0', '0'),
('424', '0', '0', '0', '0', '0'),
('425', '2', '135', '1', '8', '1080'),
('425', '2', '155', '1', '8', '1240'),
('425', '2', '185', '3', '8', '4440'),
('425', '3', '45', '1', '8', '360'),
('425', '3', '95', '1', '8', '760'),
('425', '3', '135', '3', '8', '3240'),
('426', '5', '180', '5', '12', '10800'),
('426', '5', '0', '0', '0', '0'),
('426', '5', '0', '0', '0', '0'),
('426', '4', '0', '0', '0', '0'),
('426', '4', '0', '0', '0', '0'),
('426', '4', '0', '0', '0', '0'),
('427', '7', '135', '1', '8', '1080'),
('427', '7', '225', '2', '8', '3600'),
('427', '7', '315', '2', '5', '3150'),
('427', '7', '365', '2', '5', '3650'),
('428', '1', '135', '1', '8', '1080'),
('428', '1', '185', '1', '8', '1480'),
('428', '1', '225', '2', '8', '3600'),
('428', '3', '45', '1', '8', '360'),
('428', '3', '95', '1', '8', '760'),
('428', '3', '135', '3', '8', '3240'),
('429', '6', '135', '1', '8', '1080'),
('429', '6', '225', '3', '8', '5400'),
('429', '6', '0', '0', '0', '0'),
('430', '0', '0', '0', '0', '0'),
('431', '0', '0', '0', '0', '0'),
('432', '2', '135', '1', '8', '1080'),
('432', '2', '155', '1', '8', '1240'),
('432', '2', '185', '3', '8', '4440'),
('432', '3', '45', '1', '8', '360'),
('432', '3', '95', '1', '8', '760'),
('432', '3', '135', '3', '8', '3240'),
('433', '5', '180', '5', '12', '10800'),
('433', '5', '0', '0', '0', '0'),
('433', '5', '0', '0', '0', '0'),
('433', '4', '0', '0', '0', '0'),
('433', '4', '0', '0', '0', '0'),
('433', '4', '0', '0', '0', '0'),
('434', '7', '135', '1', '8', '1080'),
('434', '7', '225', '2', '8', '3600'),
('434', '7', '315', '2', '5', '3150'),
('434', '7', '365', '2', '5', '3650'),
('435', '1', '135', '1', '8', '1080'),
('435', '1', '185', '1', '7', '1295'),
('435', '1', '225', '2', '8', '3600'),
('435', '3', '45', '1', '8', '360'),
('435', '3', '95', '1', '8', '760'),
('435', '3', '135', '3', '8', '3240'),
('436', '6', '135', '1', '8', '1080'),
('436', '6', '225', '3', '8', '5400'),
('436', '6', '0', '0', '0', '0'),
('437', '0', '0', '0', '0', '0'),
('438', '0', '0', '0', '0', '0'),
('439', '2', '135', '1', '8', '1080'),
('439', '2', '155', '1', '8', '1240'),
('439', '2', '185', '3', '8', '4440'),
('439', '3', '45', '1', '10', '450'),
('439', '3', '95', '1', '10', '950'),
('439', '3', '135', '3', '9', '3645'),
('440', '5', '180', '5', '12', '10800'),
('440', '5', '0', '0', '0', '0'),
('440', '5', '0', '0', '0', '0'),
('440', '4', '0', '0', '0', '0'),
('440', '4', '0', '0', '0', '0'),
('440', '4', '0', '0', '0', '0'),
('441', '7', '135', '1', '8', '1080'),
('441', '7', '225', '2', '8', '3600'),
('441', '7', '315', '2', '5', '3150'),
('441', '7', '365', '2', '5', '3650'),
('442', '1', '135', '1', '8', '1080'),
('442', '1', '185', '1', '7', '1295'),
('442', '1', '225', '2', '8', '3600'),
('442', '3', '45', '1', '10', '450'),
('442', '3', '95', '1', '10', '950'),
('442', '3', '135', '3', '9', '3645'),
('443', '6', '135', '1', '8', '1080'),
('443', '6', '225', '3', '8', '5400'),
('443', '6', '0', '0', '0', '0'),
('444', '0', '0', '0', '0', '0'),
('445', '0', '0', '0', '0', '0'),
('446', '2', '135', '1', '8', '1080'),
('446', '2', '155', '1', '8', '1240'),
('446', '2', '195', '3', '7', '4095'),
('446', '3', '45', '1', '10', '450'),
('446', '3', '95', '1', '10', '950'),
('446', '3', '135', '3', '9', '3645'),
('447', '5', '180', '5', '12', '10800'),
('447', '5', '0', '0', '0', '0'),
('447', '5', '0', '0', '0', '0'),
('447', '4', '0', '0', '0', '0'),
('447', '4', '0', '0', '0', '0'),
('447', '4', '0', '0', '0', '0'),
('448', '7', '135', '1', '8', '1080'),
('448', '7', '225', '2', '8', '3600'),
('448', '7', '315', '2', '5', '3150'),
('448', '7', '365', '2', '5', '3650'),
('449', '1', '135', '1', '8', '1080'),
('449', '1', '185', '1', '7', '1295'),
('449', '1', '225', '2', '8', '3600'),
('449', '3', '45', '1', '10', '450'),
('449', '3', '95', '1', '10', '950'),
('449', '3', '135', '3', '9', '3645'),
('450', '6', '135', '1', '8', '1080'),
('450', '6', '225', '3', '8', '5400'),
('450', '6', '0', '0', '0', '0'),
('451', '0', '0', '0', '0', '0'),
('452', '0', '0', '0', '0', '0'),
('453', '2', '135', '1', '8', '1080'),
('453', '2', '155', '1', '8', '1240'),
('453', '2', '195', '3', '7', '4095'),
('453', '3', '45', '1', '10', '450'),
('453', '3', '95', '1', '10', '950'),
('453', '3', '135', '3', '9', '3645'),
('454', '5', '180', '5', '12', '10800'),
('454', '5', '0', '0', '0', '0'),
('454', '5', '0', '0', '0', '0'),
('454', '4', '0', '0', '0', '0'),
('454', '4', '0', '0', '0', '0'),
('454', '4', '0', '0', '0', '0'),
('455', '7', '135', '1', '8', '1080'),
('455', '7', '225', '2', '8', '3600'),
('455', '7', '315', '2', '5', '3150'),
('455', '7', '365', '2', '5', '3650'),
('456', '1', '135', '1', '8', '1080'),
('456', '1', '185', '1', '7', '1295'),
('456', '1', '225', '2', '8', '3600'),
('456', '3', '45', '1', '10', '450'),
('456', '3', '95', '1', '10', '950'),
('456', '3', '135', '3', '9', '3645'),
('457', '6', '135', '1', '8', '1080'),
('457', '6', '225', '3', '8', '5400'),
('457', '6', '0', '0', '0', '0'),
('458', '0', '0', '0', '0', '0'),
('459', '0', '0', '0', '0', '0'),
('460', '1', '135', '1', '8', '1080'),
('460', '1', '225', '1', '5', '1125'),
('460', '1', '255', '1', '1', '255'),
('460', '1', '275', '1', '1', '275'),
('460', '3', '95', '1', '8', '760'),
('460', '3', '135', '1', '8', '1080'),
('460', '3', '155', '3', '5', '2325'),
('461', '5', '180', '3', '10', '5400'),
('461', '5', '215', '1', '8', '1720'),
('461', '5', '225', '1', '6', '1350'),
('461', '4', '0', '0', '0', '0'),
('461', '4', '0', '0', '0', '0'),
('461', '4', '0', '0', '0', '0'),
('462', '7', '135', '1', '8', '1080'),
('462', '7', '225', '1', '6', '1350'),
('462', '7', '315', '1', '5', '1575'),
('462', '7', '365', '1', '5', '1825'),
('462', '7', '405', '1', '3', '1215'),
('463', '2', '135', '1', '8', '1080'),
('463', '2', '185', '1', '7', '1295'),
('463', '2', '225', '2', '6', '2700'),
('463', '3', '95', '1', '8', '760'),
('463', '3', '135', '1', '8', '1080'),
('463', '3', '155', '3', '5', '2325'),
('464', '6', '135', '1', '8', '1080'),
('464', '6', '225', '1', '8', '1800'),
('464', '6', '255', '2', '7', '3570'),
('465', '0', '0', '0', '0', '0'),
('466', '0', '0', '0', '0', '0'),
('467', '2', '135', '1', '8', '1080'),
('467', '2', '185', '1', '7', '1295'),
('467', '2', '225', '2', '6', '2700'),
('467', '3', '95', '1', '8', '760'),
('467', '3', '135', '1', '8', '1080'),
('467', '3', '155', '3', '5', '2325'),
('468', '5', '180', '3', '10', '5400'),
('468', '5', '215', '1', '8', '1720'),
('468', '5', '225', '1', '6', '1350'),
('468', '4', '0', '0', '0', '0'),
('468', '4', '0', '0', '0', '0'),
('468', '4', '0', '0', '0', '0'),
('469', '7', '135', '1', '8', '1080'),
('469', '7', '225', '1', '6', '1350'),
('469', '7', '315', '1', '5', '1575'),
('469', '7', '365', '1', '5', '1825'),
('469', '7', '405', '1', '3', '1215'),
('470', '1', '135', '1', '8', '1080'),
('470', '1', '225', '1', '7', '1575'),
('470', '1', '255', '2', '6', '3060'),
('470', '3', '95', '1', '8', '760'),
('470', '3', '135', '1', '8', '1080'),
('470', '3', '155', '3', '5', '2325'),
('471', '6', '135', '1', '8', '1080'),
('471', '6', '225', '1', '8', '1800'),
('471', '6', '255', '2', '7', '3570'),
('472', '0', '0', '0', '0', '0'),
('473', '0', '0', '0', '0', '0'),
('474', '1', '135', '1', '8', '1080'),
('474', '1', '225', '1', '7', '1575'),
('474', '1', '255', '2', '5', '2550'),
('474', '3', '95', '1', '8', '760'),
('474', '3', '135', '1', '8', '1080'),
('474', '3', '155', '3', '5', '2325'),
('475', '5', '180', '3', '10', '5400'),
('475', '5', '215', '1', '8', '1720'),
('475', '5', '225', '1', '6', '1350'),
('475', '4', '0', '0', '0', '0'),
('475', '4', '0', '0', '0', '0'),
('475', '4', '0', '0', '0', '0'),
('476', '7', '135', '1', '8', '1080'),
('476', '7', '225', '1', '6', '1350'),
('476', '7', '315', '1', '5', '1575'),
('476', '7', '365', '1', '5', '1825'),
('476', '7', '405', '1', '4', '1620'),
('477', '2', '135', '1', '8', '1080'),
('477', '2', '185', '1', '7', '1295'),
('477', '2', '225', '2', '6', '2700'),
('477', '3', '95', '1', '8', '760'),
('477', '3', '135', '1', '8', '1080'),
('477', '3', '155', '3', '5', '2325'),
('478', '6', '135', '1', '8', '1080'),
('478', '6', '225', '1', '8', '1800'),
('478', '6', '255', '2', '7', '3570'),
('479', '0', '0', '0', '0', '0'),
('480', '0', '0', '0', '0', '0'),
('481', '2', '135', '1', '8', '1080'),
('481', '2', '185', '1', '7', '1295'),
('481', '2', '225', '2', '6', '2700'),
('481', '3', '95', '1', '8', '760'),
('481', '3', '135', '1', '8', '1080'),
('481', '3', '155', '3', '5', '2325'),
('482', '5', '180', '3', '10', '5400'),
('482', '5', '215', '1', '8', '1720'),
('482', '5', '225', '1', '6', '1350'),
('482', '4', '0', '0', '0', '0'),
('482', '4', '0', '0', '0', '0'),
('482', '4', '0', '0', '0', '0'),
('483', '7', '135', '1', '8', '1080'),
('483', '7', '225', '1', '6', '1350'),
('483', '7', '315', '1', '5', '1575'),
('483', '7', '365', '1', '5', '1825'),
('483', '7', '405', '1', '4', '1620'),
('484', '1', '135', '1', '8', '1080'),
('484', '1', '225', '1', '7', '1575'),
('484', '1', '255', '2', '5', '2550'),
('484', '3', '95', '1', '8', '760'),
('484', '3', '135', '1', '8', '1080'),
('484', '3', '155', '3', '5', '2325'),
('485', '6', '135', '1', '8', '1080'),
('485', '6', '225', '1', '8', '1800'),
('485', '6', '255', '2', '7', '3570'),
('486', '0', '0', '0', '0', '0'),
('487', '0', '0', '0', '0', '0');